*KEYWORD
*NODE
$    NID               X               Y               Z      TC      RC
  996646 -80.85594229181 74.244071182316 -0.020911881428                
  996647 -80.85115296284 74.007254061721 -5.926380723345                
  996648 -80.85912883272 73.260281179101 -12.04866600059                
  996649  -80.8768297935 72.031397035018 -17.99137544587                
  996650 -80.88756206203 70.364885172806 -23.68567592817                
  996651  -80.8740256361 68.229268056468 -29.27439847738                
  996652 -80.86639635633 65.576585532389 -34.81370841538                
  996653 -80.87061819889 62.514684497813 -40.05093118272                
  996654 -80.86544113878 59.068964160264  -44.9786372257                
  996655 -80.84061673052 55.173622488976  -49.6797177347                
  996656 -80.83807398768 50.834193621696 -54.11236801531                
  996657 -80.85456425894 46.135082977514 -58.16958653044                
  996658  -80.8640216958 41.320928879132 -61.68314806933                
  996659 -80.85106867103 36.218252725104 -64.81104725339                
  996660  -80.8395814134 30.763259546842 -67.57085822094                
  996661 -80.83225763005 25.014929267097 -69.90304238419                
  996662 -80.82710570291 19.038730948962 -71.76141021701                
  996663 -80.82391607622 12.902163933615 -73.11432756411                
  996664 -80.82257370024  6.669249388319 -73.94385411219                
  996665 -80.82298875302 0.3996992225694 -74.24296106198                
  996666 -80.82508134242 -5.850596310107 -74.01320322601                
  996667 -80.82879891711 -12.02831649638 -73.26330685396                
  996668 -80.83415966953 -18.08088906434 -72.00892687137                
  996669 -80.84133979673 -23.95451770458 -70.27375461405                
  996670  -80.8512057803  -29.5947636942 -68.09104599897                
  996671 -80.86245922967 -34.95453944128 -65.50132186746                
  996672  -80.8519141251 -40.10408826094 -62.48039406036                
  996673 -80.83457004932 -45.23970043264 -58.86939715294                
  996674 -80.83418837922 -50.21011103954 -54.69071898875                
  996675 -80.85340595575 -54.70726216981 -50.19236193523                
  996676 -80.86609248266  -58.6919935977 -45.46926051867                
  996677  -80.8740764295 -62.20632957486 -40.52906453948                
  996678 -80.87957135132 -65.26406787639 -35.39567113553                
  996679 -80.88270786914 -67.87364556792 -30.09037543328                
  996680 -80.88248240272 -70.04552634491 -24.61474108649                
  996681 -80.87891244112  -71.7845695438 -18.95317251887                
  996682 -80.87308610667 -73.08124485264 -13.09022944246                
  996683 -80.86626433942 -73.91098126589  -7.02562162973                
  996684 -80.85988107744 -74.23979764858  -0.78662970207                
  996685 -80.85683926368 -74.03680465217 5.5415779910367                
  996686 -80.86492662671 -73.30078278497 11.798685984168                
  996687 -80.87838345101  -72.0779100997  17.80377121126                
  996688 -80.88021610181 -70.41893590905 23.524314941409                
  996689 -80.86120612405 -68.28696347816 29.139467462527                
  996690 -80.85505976656 -65.64394261237 34.686420441072                
  996691 -80.86367746464 -62.57334391033 39.959291297371                
  996692 -80.86082307648 -59.21116386833 44.791406094582                
  996693 -80.83497025901 -55.29877237896 49.540212932549                
  996694 -80.83338317261 -50.88414417324 54.065369982573                
  996695 -80.85031282883 -46.19527448692 58.121793173944                
  996696 -80.85997746158 -41.38934888552 61.637385827627                
  996697 -80.84699765587 -36.29333857992 64.768985990843                
  996698 -80.83634041135 -30.84473187575 67.533706841034                
  996699 -80.82866441425  -25.0940482864  69.87466196871                
  996700 -80.82321737264 -19.10251775851 71.744412786875                
  996701 -80.81983654747 -12.93121648187 73.109114314879                
  996702 -80.81844189749 -6.639184700487 73.946437423212                
  996703 -80.81897680826 -0.285832842401 74.243326436256                
  996704 -80.82140771907 6.0656865896388 73.995703698766                
  996705 -80.82575875338 12.345890812605 73.210285661291                
  996706 -80.83219641989 18.478620682564 71.907763347806                
  996707 -80.84124175047 24.385636569705 70.125273350027                
  996708 -80.85070532073 30.001383747964 67.912746601023                
  996709 -80.83684199384 35.392445053157 65.264792720316                
  996710 -80.81964468852 40.782040341598 62.040867920298                
  996711 -80.81990683452 46.031832647257 58.251350944572                
  996712 -80.84120167477 50.819945464898  54.12493253549                
  996713 -80.85691251321 55.084135403283 49.779030884989                
  996714 -80.86641887323  58.97201294485 45.105857376669                
  996715 -80.87302769526 62.395906482891 40.236870218894                
  996716 -80.87779637115 65.397664642377  35.14839179093                
  996717 -80.88032144573 67.976594590924 29.857115490787                
  996718 -80.87957375947 70.133268804218 24.363503685664                
  996719 -80.87565535269 71.862059413465 18.656916597559                
  996720 -80.86974076081 73.144934593841 12.728914200128                
  996721 -80.86286593684 73.953069224767 6.5660660150638                
  996722 -124.9218882192 -43.10425282333 -41.52258428832                
  996723 -122.0166743626 -48.04011981328  -38.9988483044                
  996724 -120.3906249716 -42.68112371885 -46.23620389544                
  996725 -117.6899946654 -47.65093394128 -43.52713493607                
  996726 -128.9398841138 -43.50359922422 -36.33798158572                
  996727 -127.5484362833 -37.72054804289 -43.83519497559                
  996728 -122.7807106927 -37.32810035121 -48.70277097729                
  996729 -125.7789365808 -48.50846927331   -33.953675708                
  996730 -115.3555672333 -42.25786050904 -50.44889822989                
  996731 -118.7624614824 -52.64017717351 -36.25315416618                
  996732 -114.6595740894 -52.20397913187 -40.65987870168                
  996733   -112.93787504 -47.20317076335 -47.57329331201                
  996734 -131.7876622514 -38.09446129335 -38.47790013833                
  996735 -117.5050663884 -36.93401698593 -53.04978269222                
  996736 -122.2782259569 -53.12535238368 -31.38456613215                
  996737 -110.4554509608 -51.65171239693 -44.45198671618                
  996738 -109.8730267328 -41.83412923158 -54.10564229648                
  996739 -132.4140761371 -43.85251596016 -30.73739138797                
  996740 -129.8476913626 -31.99352408008 -45.84030380527                
  996741 -124.8811291638 -31.63351478468  -50.8395910597                
  996742 -107.7349365507 -46.75844394861 -51.08999840487                
  996743 -129.0273522094 -48.87979402462  -28.5509552722                
  996744 -115.3435773956 -56.69555348017 -33.43005932598                
  996745 -111.8556807729 -56.08195129559 -37.60839667396                
  996746 -134.2744212945 -32.34564093463  -40.3313006167                
  996747 -135.4583062026 -38.43372425989 -32.68429102883                
  996748 -111.7908278642 -36.53499244515 -56.81717295183                
  996749 -119.4017365162 -31.27743485142 -55.29890869499                
  996750 -125.3190291611 -53.47903220115 -26.20929537178                
  996751 -118.5677386946 -57.16730758811 -28.84260496757                
  996752 -107.8340171491 -55.57100671133 -41.27406386044                
  996754 -138.1172990948 -32.68181531088 -34.35881109555                
  996755 -108.7866051758 -59.37984819682 -34.83909710139                
  996757 -105.7497747418 -51.26114895021 -47.65760251994                
  996758 -131.7866383645 -25.98946141216 -47.49941826457                
  996759 -126.6568945872 -25.66128610109 -52.60971931785                
  996761 -135.3251303141 -44.11223466444   -24.775167759                
  996762 -113.4803762828 -30.92476663296 -59.15804054992                
  996763 -111.9369108011  -60.0763256061 -30.74904628316                
  996764 -136.3689420494 -26.32336710019 -41.86036408297                
  996765 -121.3191099883 -57.61530014217  -23.7921791579                
  996766 -138.5289636048 -38.71644180713  -26.5008503582                
  996767 -121.0088520742  -25.3463856006 -57.16403730097                
  996769 -131.7565872292 -49.13708552671 -22.81800256795                
  996770 -103.6008664061 -54.98670565524  -44.4678226026                
  996771 -105.2476971172  -58.9258715344 -38.09987111404                
  996772 -140.3587999478 -26.66016384272 -35.73080741936                
  996773 -141.3334927388 -32.99055319259 -27.97326821092                
  996774 -105.7063597583 -62.16392029295 -32.20743784943                
  996775 -114.9072747157  -25.0456151801  -61.1058906116                
  996776 -117.0457601284 -61.26449931572 -21.41677745393                
  996777   -127.85302681 -53.75524794716 -20.65445205294                
  996778 -101.4959091727 -58.43863288079 -40.94958160178                
  996780 -102.1424881094 -46.33666408811 -54.01054524017                
  996781 -100.2082252673 -51.02897421325 -50.38365473698                
  996782 -133.3441571885 -19.77234759686 -48.78527734515                
  996783 -128.0864191717 -19.47156778774 -53.98627545724                
  996784  -104.014292584 -41.37437366386 -57.18083173552                
  996786 -137.6400646833 -44.24512828954 -18.58847125279                
  996787 -104.5821624763 -65.22866795814 -26.47994864352                
  996788  -138.050228919 -20.09282287117 -43.03959048126                
  996789 -140.9500664487 -38.92834061965 -20.03634603459                
  996790 -98.76682761975  -54.7837706728 -46.84784369098                
  996791  -122.306174755 -19.19391586566 -58.61924535418                
  996792 -143.7084424172  -26.9936288961 -29.15314916902                
  996793 -133.9802688391  -49.2034257019 -16.82601433474                
  996795 -105.7355709932 -36.11402913352 -59.95866283444                
  996796 -102.1419298839  -61.6987403219 -35.47313600557                
  996797 -102.9794955441 -64.35173182755 -29.80105226645                
  996798 -97.66401227773  -61.2803303102 -38.45516821683                
  996799 -142.1602058076 -20.43293612133 -36.77999801608                
  996801 -143.8732071463 -33.26539543519 -21.24583662129                
  996802  -112.607653929 -64.37003238796 -19.21091819148                
  996803 -129.9709206781 -53.78937511245 -14.81829599617                
  996804 -116.0598395725 -18.93949926036 -62.63351250491                
  996805 -97.31862994309 -58.31667364391 -42.95097110054                
  996806 -123.6324693414 -57.93229369367   -18.369076435                
  996807 -107.2089397259 -30.57683987728 -62.36342928126                
  996808 -100.1477501613  -64.0647395388 -32.26974931965                
  996810  -96.0556615357 -45.75116416853 -56.49311787894                
  996811 -129.1572147299 -13.12012137412 -54.95001583792                
  996812 -134.5083027585 -13.40057251065 -49.67989716504                
  996814 -94.52240843364 -50.71130080115 -52.50493498291                
  996815 -146.3618382115 -27.31906661496 -22.19008114806                
  996816 -139.3412299569 -44.22547923232 -12.31788419234                
  996818 -142.6812810215 -39.07854457108  -13.3888530732                
  996819 -100.5744928846  -66.9744259203 -25.36534196852                
  996820 -97.94588123744 -40.77917493775  -59.6759005362                
  996821  -139.306660105 -13.71300026695 -43.85300173463                
  996822 -93.31754087662 -54.89511634082 -48.43876957789                
  996823 -96.57619783984 -64.18337117249 -33.90949092122                
  996824 -123.2822591735 -12.87182532455 -59.64319459408                
  996825 -135.7155285756 -49.00046660188 -10.77880751329                
  996827 -108.4329722903 -24.76537583286 -64.38211281146                
  996828 -119.0948805804 -61.65559288137 -16.08564326274                
  996829 -92.11399503902 -61.92891684917 -39.40803747509                
  996830 -99.56233017356 -35.63289503469 -62.42573254011                
  996831 -145.6246092756 -20.78908873719 -30.03504953372                
  996832 -131.7063594596 -53.49898180557 -8.825142805245                
  996834 -145.6857960842 -33.51463853438 -14.26674348751                
  996835 -143.5086372174 -14.05857674791 -37.49409892534                
  996836 -99.79151343614 -65.74272531911 -28.93319742049                
  996837 -125.6052208627 -57.98330385662 -12.63963209284                
  996838   -116.93169757 -12.65435657716 -63.71488481556                
  996839 -100.7542555039 -30.23090326723 -64.86129484024                
  996840 -107.8538110062 -67.00280177349 -17.34884326563                
  996841 -92.36382901572 -58.62122541856   -44.112081144                
  996844 -148.3758295962 -21.15343567524 -22.88746725273                
  996845  -148.262485845 -27.63782020888 -14.92666612565                
  996846 -114.2762555278 -64.88813401287 -13.91591885453                
  996847 -109.4196564348 -18.71329188461 -65.97723412429                
  996848 -120.8923238741 -61.73947659759 -10.38603650088                
  996849 -143.6501805764 -39.27188212701 -6.608225459635                
  996850 -96.07949544958 -66.60395499862  -29.1311767903                
  996851 -91.67295814931 -64.83335940406  -34.5605258275                
  996852 -140.3121038063 -44.21376145331 -6.212292357443                
  996853 -92.29470723033 -40.12440381632 -61.43280859901                
  996854  -88.7059981815  -44.8305714808    -58.66618277                
  996856 -135.2724941701  -6.92763815871 -50.17242727107                
  996857 -129.8617509902 -6.659901733923 -55.48797877864                
  996858  -96.8683432043 -69.69634194507 -20.06019252101                
  996859  -140.132088127 -7.237268129168 -44.29192820433                
  996860 -87.95876734831  -50.2342044245 -54.21396993174                
  996861 -87.22116653654 -54.77414631662  -49.7236495475                
  996862 -101.7280144536 -24.50495406548 -66.93933734222                
  996863 -136.8609649084 -48.61286137841 -5.287769751095                
  996864 -123.9293044183 -6.432181389629 -60.22010924108                
  996866 -147.0607185383 -14.43403737299 -30.63063065489                
  996867 -86.60842715965 -62.19392879127 -40.15015721083                
  996868 -93.38211252951 -35.23973297097 -64.15769763115                
  996869 -146.7289407882 -33.76159764974 -7.134561288001                
  996870  -127.301605284 -57.63903169973 -6.728941211212                
  996871  -144.397197131 -7.589964482081 -37.86716061996                
  996872 -96.23788536387 -68.25507061015 -24.92073442027                
  996873 -103.0102911952   -69.107451121 -15.85487866842                
  996874 -117.5162553126 -6.242272528956 -64.33017474952                
  996875  -86.8915520933 -58.75965472968 -44.98872300744                
  996876 -109.1969145893 -67.62295282029 -11.98079844686                
  996877 -91.24749868388 -67.23555341591 -29.76887625384                
  996878 -110.1706448298 -12.47045932437 -67.11446545518                
  996879  -115.856000535 -65.03075154229 -8.193951978686                
  996880 -150.3574045932 -21.52359967433 -15.39731030087                
  996881 -132.9716731244 -52.95437011062 -2.548113130414                
  996882 -122.6001386302 -61.32609530637 -4.407522670575                
  996884 -102.5110338477 -18.51257060347  -68.5965584817                
  996885 -94.19749394518 -29.94002114899 -66.63799880532                
  996887 -149.8927416719 -14.82940389385 -23.33686484033                
  996888 -149.3631139797  -27.9577653139  -7.46639389485                
  996889 -86.40398338011 -65.17439676851 -35.13900070909                
  996892 -86.82483864825 -39.88257727231 -62.34583767582                
  996894 -135.6328239332 -0.405650539559  -50.2577123337                
  996895 -130.1949261416 -0.143572197474 -55.59293443564                
  996896  -94.8715601979 -24.28702277406     -68.7661747                
  996897 -97.66171669866 -70.81938360313 -14.78652584248                
  996898 -91.72148546587 -70.80805865164 -19.56970419811                
  996899 -136.9714611535 -48.77258202245  0.232982942476                
  996900  -128.648757649 -56.91587551824 -1.332145850759                
  996901 -140.5232086238  -0.71730873663 -44.35318796179                
  996902 -124.2409282192 0.0715861648226 -60.34042458354                
  996903 -148.0104343665 -7.981920774188 -30.92686105141                
  996904 -86.28636253866  -67.7015166099 -30.00422683527                
  996905 -87.15726555095 -34.98713972644 -65.18760551095                
  996907 -91.42873561019 -69.20561706704    -24.77189432                
  996908 -103.7732411127 -69.91186219402 -10.25530347933                
  996909 -103.1097504351  -12.3165125262 -69.78768272772                
  996910 -110.5405738505 -67.82478736138  -6.18567715251                
  996911  -110.681791655 -6.091714809588 -67.76891301398                
  996912 -140.4938689654 -44.40391868658 0.2297592342309                
  996913 -124.1305056186 -60.40171463696 1.7734722553505                
  996914 -144.8222454656 -1.078802732011 -37.89806178404                
  996915 -117.8065471538 0.2419929674498 -64.46687776256                
  996916 -151.9409978676 -15.23848529314 -15.68035617999                
  996917 -151.5141806582 -21.89820484422 -7.681548265619                
  996919  -95.4165902608 -18.34733597018 -70.47339099533                
  996920 -87.60930603625  -29.7382716186 -67.69925924481                
  996921 -150.9002076066  -8.40125580006  -23.5383761686                
  996923  -143.876627417 -39.46222314789 0.5719417143794                
  996924 -117.2591125645 -64.74581734436 -2.092259927711                
  996927 -86.29309741014 -69.80237068975 -24.72465240303                
  996928 -104.9605905086 -70.12461695627 -4.415096403496                
  996929 -128.1691899898 -57.16848260712 4.3002396238601                
  996931 -132.3927602602 -53.37897293119 4.5806122439566                
  996932 -87.95036923511 -24.11217630422 -69.86691513427                
  996933 -103.5221327296  -5.97713102589 -70.48289161828                
  996934 -136.3117444225 -49.19161046691 5.6535389708277                
  996935 -95.83584048358  -12.1979889803  -71.7076798451                
  996936 -135.5876749317 6.1119860125376 -49.93570454128                
  996937 -130.1536303198 6.3745216981778 -55.26328397793                
  996938 -146.9791825799 -34.02653457578 0.0516619397533                
  996939  -111.797645456 -67.54618406906 -0.114862402565                
  996940 -148.4688545987 -1.485273672675 -30.92463161977                
  996941 -110.9462269155 0.3661478853898 -67.92502992581                
  996942 -140.4793632508 5.7937836521856 -44.03820816164                
  996943 -92.15991648515 -72.04004342999 -14.04218556765                
  996944 -124.2122467865 6.5837250652237 -60.00092705604                
  996945 -153.1464433004 -15.65470355346 -7.779634437595                
  996946 -86.41642160076 -71.49891624216 -19.24049487201                
  996947 -98.34114005842 -71.61156435281 -9.082359459656                
  996948 -88.22891204454 -18.21036593502 -71.60380728633                
  996949 -152.9971462241 -8.839072688661  -15.7776557362                
  996951 -144.7834087647 5.4211969192364 -37.58970495654                
  996952 -117.7960715233 6.7409009513958 -64.11996488222                
  996954 -122.9634071273 -60.75623733797 7.7119173462068                
  996955 -126.9492717839 -57.54676109733 9.4070457046656                
  996956 -139.9701370797 -44.64957340092 6.3538275322982                
  996957 -96.12781857051 -5.903398884071 -72.43708874422                
  996958 -118.5575931924 -63.87779545911 4.5466460905836                
  996959 -149.6332758858 -28.28762832971 0.0859817536924                
  996960 -151.3913711738 -1.923151180741 -23.49470087742                
  996961 -103.7421773506 0.4462803744231 -70.66384751039                
  996965 -99.18457721957 -71.91489640266 -2.944500983558                
  996966 -106.3145794457 -69.75895127788  1.908576693928                
  996967 -112.9389619172 -66.80842470362 5.3040990349876                
  996970 -131.0029064813 -53.82688149001 10.665950404686                
  996971 -154.2404292631  -9.28544478849 -7.762958606242                
  996973 -148.4353230578 5.0005220437458 -30.62814834261                
  996974 -88.43623984417 -12.10969625228 -72.86258262293                
  996975 -129.7377775744 12.837937192731 -54.50306404785                
  996976 -135.1387195836 12.570276411389 -49.21126309182                
  996977 -110.9566571923 6.8438346213623 -67.57575691653                
  996978 -140.0035660827 12.241622942905 -43.35275958198                
  996979 -92.63086619207 -72.86883297885 -8.146460984546                
  996980  -151.813043802 -22.27762296239  0.128562160969                
  996981 -134.9773191822 -49.59574140575  11.74977641978                
  996982 -143.3634520602 -39.68895397373 6.8286222798496                
  996983 -153.5167473333 -2.381544074277 -15.69307541102                
  996984  -96.2879599225 0.4762561101699 -72.64198345013                
  996985 -123.8412141384 13.045794352306 -59.20484265677                
  996986 -144.2847250394 11.855104414181 -36.94878630377                
  996989 -117.4807803916 13.193772707218 -63.29184242601                
  996990 -120.9102180014 -61.20256787022 13.151423330631                
  996991 -86.61356366044 -72.78476383135  -13.5053855447                
  996992 -103.7627719852  6.892943992807 -70.32159162284                
  996993 -151.3647396282 4.5471311635846 -23.21138512687                
  996994 -117.0569107262 -63.90922487105 11.276199194495                
  996995 -125.0021795961 -57.91944051436  14.85440098505                
  996996 -138.7215968616 -44.93421116705 12.667078370474                
  996998 -146.4287136909 -34.32068830297 7.2163929836631                
  997001 -88.59013261942  -5.86764543534 -73.61238403674                
  997002 -112.1948219301 -66.47935011519 10.891177162609                
  997003 -129.0228836259 -54.17468428684 16.440030092363                
  997004 -93.10488532018 -73.21924512102 -1.879988251614                
  997005 -154.7847863672  -2.84812270894 -7.636042856002                
  997007 -147.9146107246 11.418716908761 -30.04506705706                
  997008 -107.4932169863 -68.84040997575 8.4057340111171                
  997009 -142.1221251885 -39.93154550462 13.445667459026                
  997010 -110.7073681985 13.278445694894 -66.72259737829                
  997011  -96.3106214218 6.8803256361315 -72.31218039518                
  997012 -99.96642731124 -71.67642978916 3.6672336833474                
  997013 -153.4972310101 4.0737567468306 -15.43309319107                
  997014 -134.2917048538 18.914027727744 -48.09416732076                
  997015 -153.4725501466 -16.07446194479 0.2271834261688                
  997016 -128.9516359977 19.189005144712 -53.32193077529                
  997018 -133.1344675878 -49.70337489403 17.971762752272                
  997019 -139.1029058105 18.572750042566 -42.30694588258                
  997020  -86.8420910083 -73.62759026382 -7.494330188713                
  997021 -149.0749322017 -28.62323869217 7.5686514638901                
  997022 -123.1302234592 19.397208661756 -57.96210419587                
  997023 -143.3348043205 18.169950659254 -35.98573518172                
  997024 -103.5778398635 13.298709428592 -69.45638934828                
  997025 -150.8256255782 10.950111440186 -22.69679011198                
  997026 -118.7052045698 -61.27462418304 18.317541189446                
  997027 -115.0578160729 -63.86918248288 16.512006443199                
  997028 -154.7747736582 3.8875659154301 -7.396504654952                
  997029 -154.5918964522 -9.734105870459 0.3648541038319                
  997030 -116.8607914672 19.536934347109 -61.99298972862                
  997032 -145.1335194972  -34.6014477954 14.167811403545                
  997033 -87.03984966772 -73.98157128435 -1.204802428139                
  997034 -136.9549095243 -44.99209829498 18.872438840843                
  997035 -88.67716553862 0.4557611748333  -73.8351147582                
  997036 -122.7258000674 -57.99005148708 20.191604161496                
  997038  -93.4964027669 -73.02034445978 4.7796937271017                
  997040 -110.8210405936  -66.1018819405 15.907231394673                
  997041 -126.5272727863 -54.24060509431 22.283028874877                
  997043 -151.2481180128 -22.66115665997 7.8952227417714                
  997045 -96.19046528582 13.244915778168 -71.44685750845                
  997046 -152.9439851978 10.464483065811 -15.00720537803                
  997047 -100.7603120439 -70.69927188456 11.072504659359                
  997048 -146.9171289681 17.715239743945 -29.18605561178                
  997049 -140.2774536876 -40.07645538311 19.782263764326                
  997050 -147.7249699024 -28.95729420206 14.839974256901                
  997051 -110.1962508551  19.60332672078  -65.3765319129                
  997052 -130.6591310452 -49.35871374993  24.67377298673                
  997053 -127.8041991151 25.370018861066  -51.7357498125                
  997054 -133.0562587997 25.089094384016 -46.59967580628                
  997055 -154.2180826116 9.9795406641725 -7.084051053964                
  997056 -154.0443053707 -10.18047192725 8.4508395546235                
  997057 -137.7878404457 24.736203512336 -40.91557639906                
  997058 -155.1566775681 -3.315203604639  0.536743505166                
  997059 -105.4984401369 -68.26856036403  15.83759120735                
  997060 -88.69413610708 6.8023271109163 -73.52057375031                
  997061 -87.11356650775 -73.79271833615 5.3302254028446                
  997062 -122.0868934339 25.576551356742 -56.29008518728                
  997063 -149.7861958924 17.229174870285 -21.96217324292                
  997064 -103.1838782104 19.594866320226 -68.07913649093                
  997065 -141.9457654409 24.316782529137 -34.71470894603                
  997066 -116.3930786729 -61.23119851853 22.582860853594                
  997067   -143.14676071 -34.86438509695 20.818392448516                
  997068 -87.11560832477  -73.0459172985 11.750652713486                
  997070  -152.912471138 -16.49483044063 8.1912372379444                
  997071 -135.0083307866 -44.81493965839  24.21396442344                
  997073  -119.894744616 -58.09703787975  24.97275770784                
  997074 -113.1292695234 -63.58578772516 20.898833333208                
  997075 -115.9413418607 25.705141751205 -60.24304698563                
  997077 -108.7089945378 -65.62911358787 20.899212036482                
  997078  -93.4252839518 -72.15025647694 12.283481481589                
  997080 -149.8604220218 -23.04111568826  15.43427828788                
  997081 -123.1071687784 -54.58403036963 27.550877768507                
  997082 -151.8706265957 16.730863624093 -14.42771794971                
  997083 -95.92409104307  19.50127640732 -70.05610201316                
  997084 -97.70152149802 -70.44933431422 16.419115799224                
  997085 -137.9203286262 -40.29118652509 25.457600396786                
  997086 -145.4578391414 23.841005346698 -28.06416869568                
  997087 -109.4255097599 25.748969694775 -63.55988802499                
  997088 -145.6382412982 -29.29129663829 21.793252873789                
  997089  -154.615913625 9.5072548644215 0.9382122604623                
  997090 -154.6293570735 -3.775581263528 8.6673180793069                
  997091 -153.1264644878 16.243244910034 -6.683587894923                
  997092 -88.63797383048 13.110809478006  -72.6671844441                
  997093 -152.6349115702 -10.61761170842 16.323005254597                
  997094 -100.9780353479 -68.51846668253 20.427568165265                
  997095  -126.309147135 31.323900008032 -49.76767262891                
  997096 -131.4457888149  31.04193071508 -44.74970796287                
  997098 -86.13498806339 -71.92316622677 17.666285124043                
  997099 -132.3584033178 -45.04603687895   29.0651193278                
  997100 -110.6091795951 -63.41793882208 24.766882941247                
  997101  -148.264745961 23.332501178818 -21.02033247234                
  997102 -136.0716539328 30.682307041754 -39.19949435643                
  997103 -151.5055844257 -16.90902539464 15.932216671298                
  997104 -102.5807558936 25.708296932811 -66.21390286314                
  997105 -126.2985765723 -50.38601831396 30.340276333709                
  997106 -140.5351003653  -35.1490894253 27.043261824471                
  997107 -120.7239485831 31.523840137593 -54.21429890738                
  997108 -113.5982677625 -61.25919795987 26.393598456441                
  997110 -140.1324652006 30.249216035876 -33.15437968436                
  997111 -104.0032744484 -66.13721895998 24.656202162317                
  997112 -94.56475227594 -70.10036948117 20.344885101482                
  997113 -116.7442250856  -58.1380741094 29.225792511514                
  997114 -147.7068168469 -23.41947532197  22.64189411096                
  997115 -90.66609072231 -71.39614768029 17.920428354437                
  997118 -114.7319437827 31.634839973783 -58.07187566643                
  997119 -150.2988102898 22.816495094839 -13.70808528368                
  997120  -154.135691766 9.0521382902118 8.9409367897583                
  997121 -134.8641600965 -40.58938572524 31.025972078021                
  997123 -119.3730284228 -54.89385759967 32.024631822158                
  997124 -95.51030570464 25.574915201497 -68.16409603862                
  997125 -96.83921593461 -68.45437500967 23.976185467663                
  997126 -142.8927056132 -29.63794991074 28.319175860485                
  997127 -153.2300040112 -4.225198967109 16.599036330804                
  997128 -143.5558266992 29.750324474528 -26.69427150347                
  997129  -106.607633301 -63.30568902194 29.117906181469                
  997130 -108.3899604978 31.648676483124 -61.31176496518                
  997131  -128.858031187 -45.85757557724 33.434062213661                
  997132 -88.50653730982 19.315341706348 -71.28365857774                
  997133 -150.4235344234 -11.04179114354 23.855716556707                
  997134 -151.5246178774 22.325690345456  -6.22075167003                
  997135 -99.67424166657 -66.07483787591 28.227815251051                
  997136 -90.67611759298 -70.09242395677 22.483131217065                
  997137 -146.2869042329 29.210082852532 -19.88236607761                
  997138 -149.3123832042 -17.31577798434 23.333052241565                
  997139 -124.4860704302 36.994650667087 -47.44857374871                
  997140 -137.3404673765  -35.5040925039 32.809310109065                
  997141 -129.4790792281 36.717665901038 -42.57458428824                
  997143  -101.769595205 31.562978982463 -63.90173013184                
  997144 -133.9721113327 36.359086587829    -37.18804634                
  997145 -122.0136132917 -51.00621996413 35.037963205923                
  997146 -111.3102404527 -59.63757922997 32.190324458882                
  997147 -119.0593973531 37.183459315357 -51.76762765925                
  997148 -137.9137560049 35.919544721955 -31.33011148855                
  997149  -144.871496372 -23.79844682931 29.411793085708                
  997150 -153.5284218489 15.781506302255 1.1545145599596                
  997152 -148.2612979314 28.662904341247 -12.85823712396                
  997154 -153.2857861807  2.207404423851 16.746681428766                
  997156 -131.2761088676 -41.08184554013  36.00030227447                
  997157 -113.2445224254   37.2703453304 -55.51794771794                
  997158 -151.0281069109 -4.657112836208 24.189782695518                
  997159 -94.94914409387 31.385067063136 -65.81399796189                
  997160 -139.5534575194 -30.01276958414 34.378254507822                
  997161 -114.6592627223 -55.62742328384 35.832569427422                
  997162   -141.23572321 35.398321112871 -25.09215836736                
  997163 -88.29892577389 25.344518548518 -69.39198435198                
  997164 -92.25584604281  -68.4130406177 26.543272693891                
  997166 -124.6664214619 -46.48062464517 38.001298135956                
  997167 -102.3227352162 -63.10837211904   32.7710001557                
  997168 -107.1098924075 37.238181836974 -58.67428344221                
  997169 -149.4517901139 28.154358076003 -5.713800252437                
  997170 -86.17587531935 -70.34290703926 23.169784233029                
  997171 -143.8890592061 34.811058865394 -18.55278668096                
  997172 -146.4202221867 -17.71243405706 30.288200819411                
  997173 -133.5812772705 -35.93882472883 38.142951422432                
  997175 -100.7453896151 37.085097642961 -61.20446013856                
  997176 -122.3646463979 42.328314655554 -44.81504018139                
  997177 -117.5835890818 -51.33423610686  39.21606035299                
  997178 -127.1855165467 42.058557086749 -40.11345135367                
  997179 -153.0747285211 15.352238180956 8.9549189687337                
  997180 -151.9230627789 21.884399220587 1.3291707535421                
  997181  -131.516461357 41.708873442609 -34.92197727533                
  997182 -152.8019001719 8.6183476603721 16.757184007689                
  997183 -141.4303743609 -24.18130947928 35.699717467488                
  997185 -151.1092541191 1.7782419072668  24.33723780035                
  997186 -94.12413039612 -66.01966541138 31.315745937047                
  997187 -105.6165663635 -59.24598754789 37.350223258662                
  997188 -135.3153918956 41.275521488585 -29.27863532658                
  997189 -145.8108015214 34.202187460804 -11.87385606277                
  997190 -117.1192476177 42.507665082064 -48.98573262304                
  997191 -127.0783777074 -41.60474329957 40.707768554196                
  997192 -87.02972419945  -68.2580376018 28.566614949834                
  997195 -110.4934186981 -55.44934326373 39.586285199375                
  997196 -135.6640702951  -30.4106463912 39.977323466236                
  997197 -111.4942886335 42.571428919457 -52.62013552727                
  997198 -94.24145359046 36.839459010042 -63.07703415757                
  997199 -88.01533114889 31.120461593857  -67.0319844927                
  997200 -147.5021651608 -11.44687800051  30.93770431778                
  997201 -138.5264621784 40.742288035951 -23.27830207403                
  997202  -120.082485284 -46.88126610883 42.261751910236                
  997203 -146.9636711846 33.656802348322 -5.219323449343                
  997204 -105.5669154601 42.482908630362  -55.7028816184                
  997205 -96.77492055792 -63.06730057726 35.847891172602                
  997206 -142.9101932895 -18.09734707151 36.750148927802                
  997207 -141.1158709272 40.095335592092 -17.01831156303                
  997208 -129.2831872564 -36.37543331203 43.090566541383                
  997209 -87.92868011346 -65.44239909561 34.358308001518                
  997210 -151.4979568985 21.493202498789 8.8868458022646                
  997211 -112.8522616992 -51.56229148027  42.87423730695                
  997212  -151.789338511 14.949849177053 16.613916694158                
  997214 -149.8427252776 27.738927310302 1.4682167575451                
  997215 -150.6694485072 8.2056293457818 24.282384031137                
  997216 -99.48398509401 42.211301215924  -58.2051727967                
  997219 -137.4368845845 -24.56282196465 41.504277267738                
  997220 -119.9921179351 47.274527516354 -41.90413844086                
  997221 -143.0272703367  39.35620649849 -10.73101057648                
  997222 -122.3863631793 -42.00863811875 45.096739550562                
  997223 -124.6139969315 47.004448189708 -37.41192037201                
  997224 -148.1022406122 -5.063483942988 31.342100392394                
  997225 -128.7508608258 46.665899599894 -32.45572472542                
  997226 -105.8020214233 -55.48101002674 42.641996713376                
  997227 -132.3741652403 46.258876533485 -27.05557089913                
  997228 -93.42082456372 41.826461682098 -60.06387072773                
  997229 -114.9438531092 47.458847021942 -45.89853669417                
  997230 -99.22991580846 -59.63097135694 40.286988914257                
  997232 -131.2494612945 -30.80182353688 45.137356125677                
  997233  -87.6600184752 36.554005227528 -64.26976236577                
  997234 -91.70600704885  -62.6605466452 38.349109993272                
  997235 -143.9546526388  -11.8294178606 37.519075238215                
  997236 -115.1204253539 -47.13472294066 46.102974404928                
  997237 -109.5108227236 47.513856147765 -49.40396043571                
  997238 -135.4551428772 45.742945687638 -21.29402383059                
  997239 -144.4199075691 38.308924816891 -4.673056714817                
  997240  -137.993159707 45.053151123252 -15.27051909314                
  997241 -138.8402246166 -18.46537811119  42.71442968676                
  997242 -124.4786152144 -36.75091752099 47.646367793848                
  997244 -147.3377004476 33.271754241459  1.868269043556                
  997246 -100.5800455211 -55.73697755552 44.956477624405                
  997247 -150.2663684872 21.145100049616 16.308451040645                
  997248 -149.4402566009 27.415273966862 8.6815412665946                
  997249 -149.7171891327 14.570750903554  24.01025310378                
  997250 -107.7565453982 -51.70267660784 46.069583926224                
  997252 -148.2055563558 1.3792325992538 31.498848453142                
  997254 -132.9182807885  -24.9262223362 46.842620664671                
  997255 -117.2562934373 -42.28731957354 49.076773791545                
  997257 -144.5401583591 -5.438778338588 37.999183113035                
  997258 -86.40148526652 -62.51529078593 39.677642944612                
  997259 -93.44830498599 -59.53140427064 42.571647773443                
  997260 -102.1869467937 -51.67115428013 48.913236566459                
  997262 -117.4460768013 51.826090032607 -38.69223464161                
  997263 -121.8917260894 51.496494932382 -34.45874830185                
  997264 -125.7041869367 51.187147222816 -29.87993856225                
  997265 -126.3260118254 -31.14847652704 49.864197314499                
  997266 -139.8345707399  -12.1828798546  43.60043107913                
  997267 -129.1440739181 50.805004738289 -24.74555498076                
  997268 -112.5915969112 52.011955429151 -42.52108231727                
  997269 -139.9347618293 44.152160644634 -9.408831132343                
  997270  -109.774797291 -47.27193635836 49.484669241536                
  997271 -132.0472188825 50.358045829428 -19.22429699399                
  997272  -86.9791182839 41.546514872771 -61.23344445602                
  997273 -146.9580015425 33.040214461964 8.3117526988451                
  997275 -107.3503670126 52.076639138172 -45.87993401559                
  997276 -144.7314962643 38.034045186072 1.7751060887604                
  997277  -147.810591758 7.8251061078296 31.397275571572                
  997278 -134.4963435435 49.702874663348 -13.37870811332                
  997279 -134.2384013547  -18.8059603867 48.197406357643                
  997280 -119.2026813059 -37.03034181348 51.773351382851                
  997281 -148.2624841213 27.152634083867 15.796123190184                
  997282 -148.2672574569 20.823661349439 23.503528958528                
  997283 -94.70248253636 -55.76735744486 47.044568252604                
  997284  -104.053528569 -47.25371791355 52.409936517022                
  997285 -103.7571685585 47.387553710722 -52.41842335408                
  997286  -141.569768144 42.736378400162 -4.068895414464                
  997287 -144.6545935246 1.0166316349182 38.182663628229                
  997288 -87.10462505031 -59.33132621431 44.202828813433                
  997289 -127.8842270597 -25.24830484584  51.72448421334                
  997290 -97.79801251049 46.989416126926 -54.96508581958                
  997291 -111.7224583481 -42.43530422702 52.598789788391                
  997292 -140.3955306513 -5.775578763328 44.155418483683                
  997293 -96.11929764305 -51.45845083133 51.329874971711                
  997294 -92.25549495086 46.296737083958 -56.93356609682                
  997295 -120.9114649901 -31.41940514222 54.138480981046                
  997296 -144.1464126647 38.266627394275 7.7211207366201                
  997298 -135.1725537708  -12.5009257361 49.193316402083                
  997299  -146.923223666 14.222502880579 31.025019441256                
  997300 -145.8186440561 32.909406499787 15.055513238536                
  997302 -114.8447987583 55.982151935019 -35.09966455986                
  997303 -119.4361824057 55.240263795546 -31.34945165625                
  997304 -141.7787251652 42.607576350085 1.5059196009034                
  997305 -122.6222171041 55.089609424365 -27.28410114597                
  997306 -125.6878060182 54.858563798128 -22.47366660342                
  997307 -144.2953643048 7.4820653912785 38.060211030525                
  997308  -86.7464344945 46.110375401576 -57.89971691686                
  997309 -128.3497724252 54.537130635189 -17.17920404771                
  997310 -88.03496467978 -55.41583639218 48.893455158226                
  997311 -130.6316969272 53.992361919314 -11.52945933062                
  997312   -146.34004612 26.914585845546 22.744189658688                
  997313 -110.1218350496 56.169889578706 -38.83678130183                
  997314 -113.4945261835 -37.19268079814 55.425257495093                
  997315 -129.1105899693 -19.10464897816  53.21031417113                
  997316 -136.5131658203 48.732481283863 -7.381860351957                
  997317 -98.06797497392 -46.96024209752 54.906959132567                
  997318 -138.3671558764 47.112755077546  -1.03409115295                
  997319 -140.5108333076 0.6990002011421 44.371601750161                
  997320 -105.0828958226 56.224462708623 -42.07401753317                
  997321 -101.7621072741 51.953972443869  -48.7958013401                
  997322 -145.5540311333 20.523721144693  30.36934426477                
  997323 -122.3415010417 -25.50651902746 56.136337770764                
  997324 -95.76617575289 51.578847269745 -51.31035825353                
  997325  -105.833735986 -42.42230445242   55.6307080037                
  997326 -141.0973376498  43.05420206728 6.7824594243508                
  997327 -135.6973522282 -6.070377973214 49.821949718947                
  997328 -142.9884931178 38.361378442767 14.039757945472                
  997329 -143.4665392045 13.907055362222 37.622014018069                
  997330  -143.963412953 32.790541641119 21.714148602773                
  997331 -115.0344769632 -31.59280048307 57.918856699518                
  997332 -116.8505604565 58.373381061208 -28.62417992504                
  997333  -129.972121522 -12.77625972076 54.308270334285                
  997334  -88.6092006577 50.837451588627 -53.56492939903                
  997336 -132.4804248549 53.213217258806 -5.423179793356                
  997337 -140.1775288093 7.1862022368637 44.240755530492                
  997338 -122.0545865208  58.39072107661 -20.41539109534                
  997339 -88.86106206452  -50.5970811114 53.749556159077                
  997340 -143.7170197898 26.680551754254 29.419697318637                
  997342 -112.2544481464 59.706241536821 -31.14226124569                
  997344 -107.4141842954 -37.21924784873 58.550416077677                
  997345 -123.4570434824 -19.34672891124 57.740912860614                
  997346 -119.5283514627 58.408353129004 -24.81829773281                
  997347 -92.39984123063 -46.29391360481 56.907331548028                
  997348 -135.8014426188 0.4277081735449 50.074634897938                
  997349 -137.6321565252  47.74520543731 4.9667341280373                
  997350 -99.72855862223 56.116521877117 -44.85011717544                
  997351 -124.3763457187 58.254736428657 -15.37476161081                
  997352 -142.1756114499 20.244095270776 36.859938346705                
  997353 -141.1718308573 38.399864737208 20.396512465273                
  997354 -116.3087187413 -25.68336149089 60.038367473979                
  997355 -94.14031227937 55.859887946512 -47.09957977442                
  997356 -99.74669295282 -42.21501874396 58.118181659052                
  997357  -130.448334242 -6.321886096963 55.006696399424                
  997358 -139.8138443587 43.485129432334 12.691528397108                
  997359 -102.7729341094 59.951836153735 -37.99014436421                
  997361 -139.3986418423 13.634886425667 43.755818900276                
  997362 -133.6605644737 52.312960168234 1.3323811607651                
  997363 -141.4290722843 32.638009610469 28.181117588275                
  997364 -113.9865427691 61.125235345116 -26.22832221154                
  997365 -108.7439337628 -31.65519715636 61.149298117398                
  997366 -87.88010866514 55.357056055989 -48.98459646072                
  997367 -124.2305109644 -13.00019230224 58.931812790261                
  997369 -135.4825001346 6.9373757855488 49.943698343784                
  997371 -118.3559714178 61.402094861086 -18.60783158063                
  997372 -140.4325697928 26.443855483069 35.769880062389                
  997373 -97.61624533243 59.843132699018 -40.67283411216                
  997374 -101.0478707377 -37.10895857762 61.091227844564                
  997375 -117.2904493871 -19.51989060964  61.74816063642                
  997376 -126.4357884636 57.889357523356 -9.789115128616                
  997377 -86.92173074849 -46.06793802523 57.915796559938                
  997379 -130.5299455041 0.2005166896653 55.295159201529                
  997380 -136.2836890182  48.33749811034  10.89129767727                
  997381 -108.6747418617 62.955875223623 -27.97611139481                
  997382 -138.1802093693 19.995944318096 42.912742339722                
  997383 -138.7200508212 38.342044308228 26.635702045909                
  997384 -93.48096135228 -41.83778732712 60.043490143964                
  997385 -109.8271915757 -25.76738210207  63.37143883623                
  997386 -116.2373252366 61.165963166495 -23.00434322463                
  997387  -92.5289614876 59.508438585831 -42.86444034848                
  997388 -124.6455786024 -6.526507582296 59.693021293424                
  997389 -137.9938474542 43.709316817007 18.767134061057                
  997390 -134.7437259727   13.4052456035 49.424347385981                
  997391 -120.3416336671 61.441911238563 -13.74030788816                
  997392 -100.4490857664 63.148931336732 -33.84640230222                
  997393 -127.9274209423  57.34328273432 -4.569065217621                
  997394 -138.2522333009 32.449777544858 34.354894165146                
  997395 -111.5790356464 62.856665860258 -25.02582620339                
  997396 -102.1109375139 -31.60469180347 63.768823017783                
  997397 -117.9588479041 -13.16414561725 63.020111564906                
  997398 -86.81928465253 59.207686222661 -44.40825742945                
  997399 -94.48316080757 -36.89822307155 62.990978325576                
  997400 -132.2516068882 52.978849249343 8.8264461382393                
  997401  -130.216070843 6.7310773932424 55.165854778927                
  997402 -87.27557601287 -41.60423240335 61.164390535257                
  997404 -95.63648225507 62.968273469576 -36.49973015363                
  997405 -136.5308700952 26.217531381416 41.712498018044                
  997407 -113.4267010912 62.971290669235 -22.25981269189                
  997408 -114.3362334602 63.992789146778 -17.48288271784                
  997409 -128.6592826996 56.909577551779 1.1690227142528                
  997410 -124.6960905469  0.015489107967 60.011739512642                
  997411 -134.4339897574 48.697398584122 16.874246808829                
  997412 -121.9422468309 61.415143119068 -7.960690201918                
  997413  -133.591290396 19.779324738839 48.516177382166                
  997414 -135.6575676683 38.197272712413 32.629294608226                
  997415 -102.9642358186 -25.75311726657 66.069802763454                
  997416 -91.31525278673 62.712343680076 -38.37399913781                
  997418 -106.7134062324 65.343439189236 -24.10406314666                
  997419 -118.3023145242 -6.678997742965 63.833076142408                
  997421 -135.6183510145 43.734719974273 24.800868732331                
  997422 -95.21973392759 -31.45091210631 65.723755032241                
  997424 -129.5110797886 13.212249449315 54.616140116036                
  997425 -110.6423815791 -19.61585864852  65.17165821493                
  997426 -87.78519395692 -36.63325041641 64.211508403472                
  997427 -134.4648632766 32.240122879204 40.163687110637                
  997428 -130.4757348531 53.333862014714 14.800695527008                
  997429 -86.03839075223  62.54362793707 -39.68165342871                
  997430  -116.001747223   64.2215328123 -12.73463898867                
  997431 -110.1196923964 64.590643241571 -22.18901304932                
  997432 -93.31713525509 65.774153181612 -32.15168339452                
  997433 -124.3831596127 6.5609368094414 59.879920435486                
  997434 -132.6849567976 43.617224366758 30.613567471627                
  997435 -132.0345807637 26.005444639347 47.224174703006                
  997436 -127.7104412749 57.288496152377 6.8644579405625                
  997437 -98.25550798197 65.907395340166 -29.49970719564                
  997438 -123.5078816589 60.852476620817 -1.377162735063                
  997439 -118.3181453112 -0.127948356572 64.171993708901                
  997440 -132.1414876684 48.768808182122 22.748822966544                
  997442 -103.6019410102 -19.62590820867 67.931935657327                
  997443 -95.80750347304 -25.63906510293 68.075096184966                
  997444 -132.0064231428 37.995415492753   38.2860594661                
  997445 -128.4221818841 19.589312397538 53.649203215946                
  997446 -109.6327256099 66.293364635845 -17.23882399763                
  997449 -87.39587275108 65.486529950868  -34.3809424232                
  997450 -111.1921645447 -13.26428235844 66.507472798114                
  997451 -88.15650577714 -31.20134288158 66.979169550769                
  997452 -117.8548560861  64.42355780679 -1.625157399003                
  997453 -129.3622560952 48.651438279225 28.376059191378                
  997454 -123.7125363682 13.047319394439 59.297305720588                
  997455 -130.0895987288 32.022868909748 45.560425318475                
  997456 -100.5415779923 67.985919304479 -22.53709275034                
  997457 -111.7955360094 66.395006044965 -12.46356499945                
  997458 -91.88525103197 68.121891253978 -27.43486102627                
  997459 -128.3212173152  53.39101830011 20.531624058926                
  997460 -126.1621566523  57.53208905287 12.712321772445                
  997461 -123.1626719289 60.906936520327 4.9004596281245                
  997462 -118.0098676899 6.4216399491609 64.029178477522                
  997463  -105.114307192 67.430780418498 -19.58312913846                
  997464 -96.31848515482 68.102743039152 -25.28218216034                
  997465 -129.1910622908 43.412016548898  36.11452876789                
  997466 -126.9602795967 25.806315922021 52.274072166327                
  997467 -118.1348489542 64.169373668484 3.8535951404987                
  997469 -112.1883151055 67.360847126386 -1.054541918596                
  997470   -125.73254599 53.246966594443 25.979549500628                
  997471 -104.0168517636 -13.29437790756 69.312231016356                
  997472  -88.4544697552 -25.42221525526 69.346674328918                
  997473 -96.24155605742 -19.54763068004 69.973792031076                
  997475 -111.4607199601 -6.780573087005 67.356502127195                
  997477 -127.7836886742 37.763020302178 43.547005292015                
  997478 -122.6920829354 19.416749825354    58.271424457                
  997479 -86.45431556906 68.209207027353 -28.79867010721                
  997480 -126.0643548447 48.424042490123 33.699432813924                
  997481 -117.3839236976 12.902913525199 63.407038128649                
  997482 -121.7116892689 61.141449034619 10.759618135324                
  997483 -125.1438556041 31.803702221511 50.505537565076                
  997484  -124.204576404 57.545733482082 18.251510323932                
  997485 -94.48028339541 69.878520217281 -21.14794112683                
  997486 -90.77711650905 69.931281271185 -22.93711141899                
  997487 -98.36845967007  69.98647362247 -17.65662102481                
  997488 -121.8255844912 57.370784238844 23.519313530652                
  997490 -125.1577255445 43.154005918363 41.219389480989                
  997491 -102.7524750889 69.292952775361 -15.38683376453                
  997492 -107.0303393687 68.264264276495 -13.20324529942                
  997493 -121.3328215214 25.612323120722 56.816586787492                
  997494 -106.2963068818 69.749516368926 -2.430630828081                
  997495 -111.4484595546 -0.232787641143 67.702060776346                
  997496  -104.206117263 -6.828360473097 70.181978315536                
  997498 -122.5678969089 53.007423497021 31.205890346005                
  997499 -96.51807967977 -13.25145957799 71.374168310568                
  997500 -88.67291576915 -19.37496126536 71.249346475272                
  997501 -85.84871130832  70.23931482612  -23.5516595667                
  997502 -116.8827835334 64.332962052152  9.240623578813                
  997503 -123.0038616951 37.516132027938 48.366106908713                
  997504 -116.4471618506 19.252222705032 62.318733441757                
  997505  -119.843101765 61.203797263446 16.026129092736                
  997506 -112.3507104848 67.082605253906 5.3852415339539                
  997507 -122.2585853271 48.091179942749 38.681961946846                
  997509  -119.653546125  31.57868672212 54.951012965872                
  997510 -119.0251830683 57.047819171845 28.480175905203                
  997511  -111.160429467 6.3091034850936 67.537408279943                
  997512 -120.5850806832 42.874003912515 45.891578064008                
  997513 -100.3216747948 71.583707014755 -3.632362571961                
  997514 -117.6738569491  61.00296688691 21.096780000545                
  997515 -115.2567815993 64.410612441117 13.755397746923                
  997516 -104.1723146103 -0.298023643248 70.523799701136                
  997517 -94.52889042875 71.875916024063 -12.74036649114                
  997518 -91.03178753054 71.214759029156  -18.4319139379                
  997519 -115.2063749774 25.411193206031 60.786745833728                
  997520 -96.63646986792 -6.820936476159 72.247010502878                
  997522 -88.80986132403 -13.13086579358 72.644814042838                
  997523 -118.9837514456  52.64264934558 36.020636552469                
  997524 -105.6901065073 69.914801068017 3.7040674985693                
  997525 -117.6879900565 37.258315829747 52.695641331966                
  997527 -113.1590299194 64.192285488473  18.88383312662                
  997528 -117.8925836047 47.829890600154 43.157620524555                
  997529 -110.6030848029 12.773072938982 66.867879143139                
  997530 -110.4513696806 67.198411054398 11.332136888115                
  997531 -115.7114454841 56.650802809578 33.126839278887                
  997532 -86.18965233204 71.826937113992 -18.04114823276                
  997533 -113.6729076781  31.33223737366 58.835939179079                
  997534 -103.9211990842 6.2236012543045 70.331787459851                
  997535 -115.4878390233 42.587223320657 50.080765574314                
  997536 -96.59983511496 -0.326017075068 72.575468874621                
  997537 -88.86538949037 -6.756751322241 73.506126172192                
  997539 -99.58480424557 71.832354087725 2.4740416962901                
  997541  -112.231607809 60.106949079409 30.388990444771                
  997542 -87.40181564305 72.966594382992 -12.09899256127                
  997543 -114.9279611352 52.303803910798 40.307639506281                
  997544 -111.8797329146 36.973204100363 56.483336983756                
  997545 -109.7805235759 19.087140113888 65.713320799123                
  997546 -104.5875932505 69.722072260326 9.6838390527269                
  997547 -108.5392886483 66.893756756019 16.686057688172                
  997548  -94.0125646284 72.891308525451 -5.337762144918                
  997549 -103.4580741864  12.65986138446 69.613894859396                
  997550 -113.1194591961 47.488593185431 47.164664241472                
  997551 -105.0464389269 65.251961440938 26.000802267831                
  997552 -96.41294136717 6.1599834209502 72.354644462603                
  997554  -103.457199451 69.100832572678 15.241004642301                
  997555 -112.0224815929  56.18259081641 37.320052100955                
  997556 -93.43659943351 73.174632533216 1.4720861077705                
  997557 -88.84143830184 -0.318971673732 73.818013146437                
  997558 -109.8875894685 42.288624070676 53.742639720771                
  997560 -108.6810242622 25.190021840684 64.109976364707                
  997561 -98.84732677463 71.557840427463 8.5099532459009                
  997562 -109.1268488025 59.463366876949 34.420903579716                
  997564 -101.0015956084 67.013715699299 24.923820450542                
  997565 -106.0319353144 62.295825420488 31.697256211861                
  997567 -110.6061811881 51.985760697827 43.959972050209                
  997568 -102.7853103707 18.929223945044 68.395219624123                
  997569 -87.35354216895 73.746630549069 -5.669788906516                
  997570 -103.3219642442 64.404529362308 29.430258591175                
  997571 -107.8840864232 47.235134474967 50.570295377677                
  997572 -88.74088148349 6.1123317557398 73.576222790818                
  997573 -97.26263591478 69.764191537561 19.499790574895                
  997574 -96.08024801833 12.557516785264 71.593759378435                
  997575  -87.2143915223 73.973738847104  0.737951081942                
  997577 -107.3039624702 31.037162987636  62.09476377045                
  997579 -98.02957210427 70.846147576964 14.226430876144                
  997580 -107.8805558888 55.797855520375 40.936272090606                
  997582   -88.566253751 12.459881148131 72.789633998357                
  997583 -92.46650782092 72.089370039907 13.532187052993                
  997584 -100.2030093184 65.770643829459 28.597574871573                
  997585 -100.5986768589  64.15986595342 31.806861084811                
  997586  -105.434694148 59.078110283142  37.74280421716                
  997588 -95.60318509825 18.778441074451 70.320665145315                
  997589 -92.95668029149 72.871443307036  7.632611354019                
  997590 -105.6602425742 36.614412748847 59.683130476106                
  997591 -102.3214258303 61.911795347568 34.991092322624                
  997592 -86.99401706629 73.665567784486  6.993130551739                
  997593 -96.60094099655 68.333985671554  24.47492610604                
  997595 -105.7343876135 51.671311396021 47.220762218599                
  997596 -101.8926640107 24.952642741436  66.72215321055                
  997597 -103.6446006665  41.93411138483 56.918624000366                
  997598 -91.98718138457  70.89103403547 19.115595523615                
  997599 -88.31880022322 18.636929701262 71.484561627478                
  997601 -103.6807838753 55.295035334801 44.042711371867                
  997602 -96.26650241053 66.714151945485 28.778938886884                
  997603 -86.75707146685 72.855220691273 13.058008242674                
  997604  -101.577136623  58.68537689833 40.553995753857                
  997605 -100.7654310225 30.646160385974 64.662729026544                
  997606 -101.9572684533 46.910443005516  53.58528503277                
  997607 -96.75880339248 64.410292527918  33.39083213693                
  997608 -97.75499245493 61.582134657955 37.929802745469                
  997610 -94.98858364769 24.721877721654 68.587314313731                
  997611 -100.2188291808 51.397702529266 50.003362923945                
  997613 -86.54886410057 71.589171521468 18.862241370944                
  997614 -99.41328648529  35.98174797405 62.269730702797                
  997615  -91.6501015625 69.309001207142 24.384913532108                
  997616  -98.7076807553 55.197556610585 46.382325771241                
  997617 -91.32244528055 67.364675295104 29.449104354586                
  997618 -94.36151350243 30.210295678083 66.483273163564                
  997619 -96.77859680378 41.564577768637 59.452730213295                
  997620 -97.26203840527 58.618714712122 42.559600499747                
  997621 -91.82387023638 64.983898846391 34.229426774937                
  997622 -92.22730726811  62.13585391034 39.048607328941                
  997623 -88.01270800657 24.543674325776 69.710192050624                
  997624 -93.18987870399  35.36567059001 64.126320426117                
  997625 -95.48810921429 46.595273483194 55.946006753098                
  997626 -86.40543464519 69.906240048693 24.404184959692                
  997627  -94.3308693622 51.242565323288  52.03654709615                
  997628    -87.60693901  30.04729824043 67.562755393885                
  997629 -86.37896649017 67.821578385754 29.714829192056                
  997630  -93.3276720561 55.310079392306 47.962210479382                
  997631   -86.478546279 65.325953717217 34.844776665072                
  997632 -89.37587717588 40.869891791477 61.407194728702                
  997633 -92.35816894824  58.90313942273 43.736644421381                
  997634  -86.6649955454 62.405267239204 39.812079021905                
  997635 -87.35453248376 35.223867579185 65.039959655832                
  997636 -88.63967045508 46.276431021294 57.542047450786                
  997637 -87.76415650402 51.085547437652 53.439090103562                
  997638 -87.26005406928 55.309243297121 49.123507122773                
  997639 -86.92024360021 59.065834066168 44.582264435364                
  997640  80.86524261426 -0.008637706961 74.244123283272                
  997641  80.86079948866 -6.053460389014 73.997000463248                
  997642 80.869630603748 -12.17099053434 73.240029473874                
  997643   80.8894074307 -18.07399659511 72.010921923285                
  997644 80.902317451972 -23.69123912767 70.363289655023                
  997645 80.896978736743 -29.08949357424 68.308779263996                
  997646 80.884980839508 -34.33390394045 65.828893848518                
  997647 80.873145910594 -39.57202200431 62.819406948587                
  997648 80.855583653332 -44.59398007943 59.359505201921                
  997649 80.834044240751 -49.44329111342  55.38507360048                
  997650 80.835090364851 -54.05218307035 50.897946346002                
  997651 80.853140584405  -58.1466566134  46.16385612406                
  997652 80.863925358802 -61.67403502102 41.334525104279                
  997653 80.851666095234 -64.80679522843 36.225870293372                
  997654 80.839916977162 -67.56858215536 30.768250870853                
  997655 80.832630300295 -69.90155843123 25.019072583216                
  997656 80.827496598586 -71.76042368869 19.042446636477                
  997657 80.824315392952 -73.11375829499 12.905385387591                
  997658 80.822975840621 -73.94361802987 6.6718623438545                
  997659 80.823391285526 -74.24294930337 0.4021258733708                
  997660 80.825487140426 -74.01349485967 -5.846968444711                
  997661 80.829218076056 -73.26451460517 -12.02102160584                
  997662 80.834609935594  -72.0125217325 -18.06663444747                
  997663 80.841836845964 -70.28211054936 -23.93005794791                
  997664 80.851419134087 -68.10700600481 -29.55804283438                
  997665 80.863232825873 -65.52621548292 -34.90790697236                
  997666 80.852846714204 -62.51250301014 -40.05412126509                
  997667 80.834318768127 -58.90374513818 -45.19492396658                
  997668 80.832894430331 -54.72086631003 -50.17715904153                
  997669  80.85270533568  -50.2098657188 -54.69114463093                
  997670 80.866678038989 -45.46937083098 -58.69185895353                
  997671 80.874654201168 -40.51097485621 -62.21807295996                
  997672 80.880143773067 -35.36338612089 -65.28154468924                
  997673 80.883226584739 -30.05049477128 -67.89130468867                
  997674 80.882903153647 -24.57363868395 -70.05996014846                
  997675 80.879224175436 -18.91494978588  -71.7946594559                
  997676 80.873319932515 -13.05661634412 -73.08726840157                
  997677 80.866481138135 -6.997340549967 -73.91367583505                
  997678 80.860149207792 -0.764719042232 -74.24003980878                
  997679 80.857521532676 5.5561181829772 -74.03573900692                
  997680 80.865782535471 11.804656210395 -73.29980651633                
  997681 80.877668848152 17.802577446594 -72.07822201372                
  997682 80.880974519647 23.524103646616 -70.41904513156                
  997683 80.866246945859 29.082216102763 -68.31140316536                
  997684 80.859612146365 34.691689886036  -65.6411313874                
  997685 80.865171871923 39.964322934628 -62.57004095286                
  997686 80.861699007621 44.839194313586 -59.17496183172                
  997687  80.83806206937 49.544230009438 -55.29519693176                
  997688 80.836601500626 54.066985590192 -50.88248326214                
  997689 80.851344296454 58.123376770394 -46.19329617368                
  997690 80.860753883528 61.637952634716 -41.38843684092                
  997691  80.84834417437 64.768315988252 -36.29458806711                
  997692 80.837079976869 67.532549674466 -30.84727338762                
  997693 80.829398771556 69.872740699108  -25.0994108715                
  997694 80.823946453358 71.742030600208 -19.11148465858                
  997695 80.820555819101 73.106765124762 -12.94453006798                
  997696 80.819144113938 73.944810644199 -6.657360406539                
  997697  80.81965620844 74.243241423241  -0.30871982209                
  997698   80.8220652838  73.99786505007 6.0393147133031                
  997699  80.82640917007   73.2149343178 12.318296534302                
  997700 80.832869910135  71.91446621729 18.452504592703                
  997701 80.841974730637 70.133096156315 24.363112063785                
  997702 80.850515027623 67.921347361204 29.981805790301                
  997703 80.833698652467 65.274592963841 35.374417697774                
  997704 80.816737244821 62.048915690293 40.770140789987                
  997705  80.81472002136 58.260882254583  46.01952986999                
  997706 80.835805150525 54.162708427686 50.779868531498                
  997707  80.85211636858 49.775517242651 55.087131594539                
  997708 80.866168853448 45.096873496759 58.978768027017                
  997709 80.875227797804 40.190380427971 62.425755716646                
  997710 80.882042445819   35.0410313973 65.455121039734                
  997711  80.88738200675  29.67500532777 68.056161036619                
  997712 80.889269093741 24.110670641943 70.220494204294                
  997713   80.8868517151 18.359911504268 71.938484171856                
  997714 80.881063706744 12.435308234178 73.195482688674                
  997715 80.873468154796  6.342793014006 73.972710325363                
  997716  86.87125959561  -44.9813857947 -58.76851167754                
  997718 87.263125196495 -49.68538341713 -54.80403856678                
  997719 88.026284405907 -54.28760411371 -50.14482534005                
  997720 86.869521563448 -62.42691348084 -39.74907456377                
  997721 86.601351312059 -40.11079711702 -62.21946069615                
  997722 92.204174973747 -44.09793831936 -58.66343285275                
  997723 88.908320995574 -58.70447734774 -44.75565285473                
  997724 86.399374077974 -35.08502790435 -65.20386320178                
  997726 86.288774885325 -29.94162404872 -67.72913242232                
  997727 87.155278956542 -65.19068178546 -34.98194728183                
  997728 93.294143904535 -48.38667810023 -54.94593411504                
  997729 86.301914007635 -24.66148497168 -69.82408448655                
  997730 94.520431759534 -52.56867419474 -50.64581372251                
  997731 92.315755483063 -61.49182176174 -40.02834839299                
  997732 87.611969052019 -67.71862710836 -29.69362886098                
  997733 92.106013061633 -39.35631945826  -61.9632956446                
  997734 91.581287839083 -34.44040301118 -64.91241968611                
  997735 97.198033501734 -42.89431283429 -58.39209584727                
  997736 96.049071200681 -56.47920966406 -45.76805749896                
  997737 93.421771712036 -64.17751298305 -35.19019198899                
  997738 91.253689056126 -29.67272084518 -67.27715329327                
  997739 98.671319077375 -46.72091220724  -54.9229146286                
  997741 97.972802346462 -59.71269539718 -40.70977057965                
  997742 86.431328262097 -19.18344953434  -71.5131469908                
  997743 87.955010123214 -69.87691733073 -24.08207855091                
  997744 100.24453847034 -50.38445924783 -51.01459586415                
  997745 94.188577694407 -66.65982054401 -29.89535705231                
  997746 88.442629297497 -72.86382309203 -12.09856632022                
  997747  97.68343672486 -38.27377705969 -61.38839504503                
  997748 96.615193298607 -33.75892757733 -64.25341927276                
  997749 99.553384413817 -62.45307595161 -35.59024417917                
  997750 102.15815806184 -54.03274324726  -46.3038545528                
  997751  101.4911203314 -40.86722369348 -58.49801152414                
  997752 86.631907111743 -13.45658353528    -72.79241765                
  997753 95.965855235455 -29.06251462892 -66.65956924469                
  997754 103.53394871184 -44.34316447943 -55.11480108328                
  997755 94.868662170129 -68.77762325608 -24.25635875321                
  997756 88.234802875462 -71.60802914685 -18.19169781721                
  997757 91.447382189906 -24.68744974862 -69.23307261592                
  997758  104.0359391307 -57.20281502998 -41.33207084762                
  997759 100.75369357936 -64.87923486786  -30.1932437402                
  997760  105.6371684159 -47.67162941655 -51.30282955874                
  997761 88.596558722304 -73.61232592275 -5.860548602755                
  997762 96.268234159427 -24.77463066838 -68.30155319493                
  997763  86.84991450173 -7.452720681486 -73.63245993098                
  997764 102.14846203364 -35.26545856811  -61.8156112442                
  997765 105.75890206863 -59.97498319004 -36.07123316786                
  997766 92.663812316344 -8.092150205878 -72.86963290889                
  997767 95.418166413154  -70.4781898817 -18.32751295591                
  997769 105.26732606382 -37.99828723358 -58.98348325883                
  997770 100.27169415731 -32.01625847992 -64.15499353553                
  997771 99.841075042268 -28.89765305763 -65.74441782313                
  997772 92.193398632982 -13.97645577281 -72.04770859732                
  997774 101.73341748706 -66.94843864098 -24.47554981616                
  997775  107.8006812494 -41.19589496654 -55.64496677079                
  997776 96.957096166268 -19.96949833131 -69.70232190774                
  997778 107.23390080913 -62.37147446754 -30.53942309433                
  997779 87.046170664681 -1.179228852847 -73.98257984268                
  997780 88.683457332966 -73.83446217026  0.461383384751                
  997781 95.848049469239 -71.70777295606 -12.18324341472                
  997782 100.65281517464 -25.21233068724 -67.00937939462                
  997784 107.78378945372  -51.0664241444 -46.75622673916                
  997785 102.73465747733  -29.7042463641 -64.47978841959                
  997786 87.113378004348 5.3368504014329 -73.79262010235                
  997787 102.52027682453 -68.59927710084 -18.49142297893                
  997788 110.40828581428 -44.43562679005 -51.69276494063                
  997790 105.75703697095 -31.88039817888 -62.31242391698                
  997791 104.63860792511 -26.33412028308 -65.26755119297                
  997792 97.756672367618 -14.76476774367 -70.80164185798                
  997793 108.84103280586 -34.62900246072 -59.47736525901                
  997794 98.447764220934  -9.02037692223 -71.59309168961                
  997795 108.45872218829 -64.38287559213 -24.73539522348                
  997796 88.700328203636 -73.51945478983 6.8077992407748                
  997797 109.91418585148 -54.10625747021 -41.80527218609                
  997798 93.120985082138 -1.838416955484 -73.21911871382                
  997800 111.77174172044 -37.60395722892 -56.13123576553                
  997801 102.83952688505 -15.58680738833 -69.22266500091                
  997803 96.139826904298 -72.43557893704 -5.892461343628                
  997804 108.37596555496  -28.2173489433 -62.97866064734                
  997805 112.95101865346 -47.60501230697 -47.16226991766                
  997806 103.12145964986 -69.78655271524 -12.30092473473                
  997807 93.451649394293 4.8552265330256 -73.02377497391                
  997808 107.97545943811 -17.15463562067 -67.00422209513                
  997809 103.88992267951 -10.22730734452 -69.87689199706                
  997810 109.44501371876 -65.97322009628 -18.68966843268                
  997811 111.83053840317 -56.81681978011  -36.5023495208                
  997812 114.84222981128 -40.52108895426 -52.19491436785                
  997813 87.084278981575 11.769950404185 -73.04690054154                
  997814 111.96970003354 -30.64454316324 -60.11298640644                
  997816  99.20533423858 -2.823141751097 -71.91630175644                
  997817 88.644231984857 -72.66553330498 13.116511138314                
  997819 96.299532669478 -72.63959151975 0.4856606904811                
  997820 115.40549489169  -50.4317796499 -42.23900650038                
  997821 103.53547787177 -70.47946323634 -5.964478028583                
  997822 113.51838870044 -59.15342414204 -30.89407904451                
  997823 86.240361645277 17.641701021298 -71.92297876821                
  997824 115.38837936689 -33.49557339774 -56.63134267979                
  997825 109.26410220098 -11.88971210467  -67.6097288314                
  997826 110.19453613006 -67.10792154541 -12.45092597021                
  997827 117.79915888866  -43.4034444353 -47.67967345383                
  997828 112.68726991122 -19.11970685489 -64.35682993982                
  997829 105.00297695431 -4.333666714097 -70.11822651259                
  997831 117.55201707519 -53.03461290893 -36.91085061512                
  997832 118.78227355734 -36.19364251355 -52.66931338522                
  997834 88.513090111853 -71.28142247536 19.321176705464                
  997835 96.321816179376 -72.30906090013  6.889311707988                
  997836 114.94295303886 -61.09729559132 -25.01886014953                
  997837 90.605290709231 17.860875047593 -71.41926766168                
  997838 93.459550376953 12.165948364105 -72.16795980848                
  997839 114.34998728491 -13.81823708936 -64.86986313928                
  997840  103.7570169791 -70.65871862796 0.4576957580969                
  997841 117.11845680063 -21.31298865377  -61.2597341477                
  997842 99.973484349796 3.7917907471983 -71.67117874507                
  997843 120.45590865099 -46.19917002628 -42.66291198234                
  997844 110.58756642329 -6.102744881664 -67.81476761638                
  997845 110.70365072851 -67.76112641423 -6.074189660478                
  997846 118.72997672326 -28.82665222704 -57.06877473696                
  997847 119.44451372702 -55.28310065539 -31.25435084312                
  997849 122.05293839958 -38.88641527791  -48.1030021791                
  997850  106.3285810369 2.0613667219765 -69.75429103421                
  997851 119.17304949406 -15.98293094243 -61.63252532956                
  997852 116.09254393183 -62.62245857402 -18.91634790391                
  997853 122.84090311479 -48.66785304005 -37.30859510799                
  997854 115.90730682028 -8.108669787691  -65.0171712893                
  997855 86.208148074895  23.28588387437 -70.30221508257                
  997857 122.28717066257 -31.43449776856 -53.09202710565                
  997858 96.201599881683   -71.442968479 13.253701290194                
  997859 88.306126388111 -69.38910950077 25.350405312631                
  997860   103.779368686 -70.31485173732  6.903853201152                
  997861 111.82334034667 -0.036118249409 -67.53696595689                
  997862 110.96605150952  -67.9164127124 0.3828889345576                
  997863 121.04723938538 -57.14750035788 -25.32464172531                
  997864 107.78020771293 8.3409680504361 -68.73956166601                
  997865 125.00573075527 -41.45606446273  -43.0833118612                
  997866 100.73242327296 11.069163689581 -70.70642863361                
  997868 121.40248596972 -23.68643928654 -57.60060058105                
  997869 97.713762279171 16.450881278928 -70.43903440068                
  997870 90.591477589296 22.518636139973 -70.09262802826                
  997871 94.521847831709 20.359083325482 -70.10447825263                
  997872 123.70677034141  -18.2683353128 -57.90981123185                
  997873 124.93452794442 -50.80782139893  -31.6128908233                
  997874  120.9504465454 -10.29138094877  -61.7217355511                
  997875 116.96100926278  -63.7027621293 -12.63348807307                
  997876 125.86246670124 -33.87309219195 -48.49083181684                
  997877 86.860125453484 28.564059639268 -68.27410082624                
  997878 122.34040660872 -58.60240049525 -19.17335566381                
  997879 127.62436604736 -43.77432949149 -37.69809174533                
  997880 88.023743778055 -67.02815274987 31.126872029558                
  997882 110.97474347528 -67.56630524133 6.8601166807237                
  997883  95.93553598902 -70.05144726773 19.509627644856                
  997885  103.5965388485 -69.44804113794 13.309048492425                
  997886  125.3959037385 -26.11735906209 -53.46414570122                
  997887 112.97789948375 5.3189652392123  -66.7888779219                
  997888 117.30976526806 -2.028652263131 -64.72101568396                
  997890 126.70323616323 -52.58080645252   -25.640655042                
  997891 129.02574699928 -36.25475565637  -43.4787840921                
  997892 96.911554091957 24.104442835556 -68.39250535408                
  997893 105.66560249186 15.917003428595 -68.18811922807                
  997894 122.65272986204 -4.311597967667 -61.30224510523                
  997895 117.54219769584 -64.31764475826 -6.222441827009                
  997896  125.6651303784 -12.54713709816 -57.95772403613                
  997897 127.92694737202 -20.55481560829 -53.72945306214                
  997898  92.22547733547 26.695816716239  -68.3593859056                
  997899 112.40823495268 10.948517750647 -66.37224473421                
  997900 100.96588850168 20.450950668233 -68.51516751704                
  997901 129.91368930706 -45.78652695171 -31.97050385712                
  997902 123.31277797668 -59.62631748533 -12.85172896643                
  997903 129.10687223907 -28.46355039455 -48.85630688748                
  997904 118.80764593381 4.4692486290806 -63.73487959469                
  997906 110.72420527936 -66.71222721629 13.293982778294                
  997907 87.648584728356 34.240973281177 -65.53388429981                
  997908 87.669767448027 -64.26303038224 36.564163918284                
  997910  111.0302965769  16.02921990832 -65.97786815657                
  997911 131.86381047063 -38.40272940321 -38.06944070317                
  997912 128.12622264803 -53.95998193543 -19.45104894917                
  997913 95.522739997808 -68.15864672383 25.582671970398                
  997914 103.20519816318 -68.06925365892  19.60415302501                
  997916  131.8308924144 -22.71090880182 -49.10675029529                
  997917 124.38407545631 1.7173549360237 -60.22223398368                
  997918 117.82940856627 -64.45403182207  0.261497539296                
  997919 99.388391494407 28.231035731418 -66.15463980208                
  997920 127.34255433287 -6.650396199427 -57.61543293618                
  997921  131.8424737707 -47.45263351311 -25.96680031084                
  997922 132.49241635873 -30.64623916911 -43.82504808017                
  997923 123.95674737076 -60.20304666636  -6.41187414975                
  997924 93.690204811416 31.302960731637 -66.10975648533                
  997925 108.69009303426 20.943995605256 -65.62281867503                
  997926  117.0542106854 11.271698597879 -63.91191358987                
  997927 86.266477014182 39.603579854905 -62.57374144866                
  997928 130.02824501567 -14.72601367616 -53.76298412419                
  997929 134.34018228689 -40.26471816153 -32.32112063569                
  997930 110.21252190235 -65.36529415237 19.617314442542                
  997932 129.19150012217 -54.92576206478 -13.09934414291                
  997934 94.963726236821 -65.80745147961   31.3925343253                
  997935 135.39097949775 -24.68242336334 -44.08370236936                
  997936 87.034603906886 -61.26961588889 41.484977543341                
  997937 117.81636207036 -64.10658716674 6.7601264450549                
  997938 104.04438727957 24.627526998846 -66.13616531454                
  997940 91.625384533716  38.27175492279  -62.7214798791                
  997941 102.60546060278 -66.20269496201 25.715842092995                
  997942  135.5284085661 -32.60044640213  -38.4063406175                
  997943 133.39066865138 -48.74486906963 -19.75023626935                
  997944  122.9368744995 7.7757254517682 -60.76677248386                
  997945 134.03542801539 -16.74323633058 -49.17655198191                
  997946 128.67895717797 -1.263878971463  -56.8925997198                
  997947 124.26603208014 -60.32269490524 0.0923850509084                
  997948  115.3305107765 16.451360016065 -63.73907959294                
  997949 113.22662826146  21.02757235132 -63.49417448475                
  997951 136.42410321079 -41.80275460992 -26.29999019037                
  997952 96.706837139762  35.81727412502 -63.09772057551                
  997955 129.89173422627 -55.46483462703  -6.63841846587                
  997956 131.74318877909 -8.747165077911 -53.47737150442                
  997957 94.259662567957 -63.06738099989 36.849835019192                
  997958 87.061722203332 44.304099100303 -59.26067594565                
  997959 117.49910584436 -63.27777317446 13.212010403122                
  997960   101.799382277 -63.88933325326 31.568058368091                
  997961 110.60140288487 24.956193299249 -63.34739514681                
  997962 138.17770496509 -34.28392511628  -32.6558233272                
  997963 128.21644282086 4.4165551619896 -57.12098313952                
  997964 102.37523957189 32.747293131059 -63.10112184936                
  997965 120.91923507558 13.227912590252 -61.17924257519                
  997966 134.54698204915 -49.64470866063 -13.37859617766                
  997967 137.68979851209 -18.50093837039 -44.21888253861                
  997968 124.23568993292 -59.98203300411   6.60463239578                
  997969 93.320630071825 42.718693341548 -59.45404794002                
  997970 116.42477439867 22.740992582043 -61.15457485979                
  997971 93.501218316394 -60.09355390788  41.76002809969                
  997972  109.4424432051 -63.54798217436 25.760225446641                
  997973 138.58793898258 -26.41449334458 -38.68851997836                
  997974 138.09583882213 -42.99022966765 -20.07049195401                
  997975 106.71153168826 29.082119127513 -63.28185953354                
  997976  135.7512794264 -10.69221131926 -48.98463466809                
  997978 130.22164646145 -55.56991949112  -0.12127035706                
  997979   86.7922091856 -57.90074617457 46.103162713159                
  997980 127.02730985289 9.5150744238208 -57.46706404428                
  997981 116.87807620434 -61.97835100129 19.552619943267                
  997982 100.78518232492  -61.1904224654 37.086477064398                
  997983 99.336524438758 40.126117527701 -59.70890387711                
  997984 140.40936092073  -35.6656030613 -26.63610604892                
  997985 118.77242438401 18.322210130712 -61.23212017034                
  997987 135.30493169738 -50.14097730396 -6.905251514518                
  997989 123.86370522234 -59.18456745038  13.06542263946                
  997990 87.910946933576 48.999597398996 -55.33922624921                
  997991 108.42008338052 -61.29590973415 31.653641044392                
  997992 113.52982098454 26.653493496013  -61.1832838383                
  997993 141.38439538337  -27.8952547199 -32.96453927929                
  997994 133.12766251097 -2.426860081594  -52.8067950949                
  997995 139.34442115423 -43.81032096391  -13.6911027288                
  997997 105.78353118541 37.378005826041  -59.1579754227                
  997998 139.37677026782  -12.2338539244 -44.20327166618                
  997999 130.17789218847 -55.23963193107 6.3969448178089                
  998000 99.539715564309 -58.18521587226 42.213823367861                
  998001 94.443328078028  47.36694922749 -55.56052999114                
  998002 115.95941107298  -60.2283286321 25.715802799867                
  998003 140.99467122999 -19.95350713556 -38.90296054878                
  998004 142.20197195682 -36.72384155097 -20.41054670916                
  998005 124.99784403186 14.917716551854  -57.9067690455                
  998006 100.51991459751 45.009349448938 -55.71896531383                
  998007 137.00218297703 -5.309684056646 -48.44845490544                
  998008 135.66029081232 -50.22859070079 -0.382688103777                
  998009 92.342606761909 -56.90740567993 46.307931417744                
  998010  119.8425021929 25.067306903398 -58.09160823573                
  998011  123.1530446569 -57.94074041485 19.412671685912                
  998012 107.15012864976 -58.65675341645 37.237924403268                
  998014 111.30873149136 32.403559030828 -59.52268024298                
  998016 143.75119799169 -29.08430995566 -26.96985882725                
  998017 88.689743177063 -53.51669927938 50.875872693382                
  998018 122.61667428174 20.197232534976 -58.06696494508                
  998019 140.16372116279 -44.25400451601 -7.215067729251                
  998020 132.37913742358 4.6127831223382 -53.38963870651                
  998022 88.701397603761 53.731879671102 -50.64110785583                
  998023 129.76057801878 -54.47839273799 12.858251947596                
  998024 116.69091727947 29.383873460692 -58.09141107824                
  998025 114.76286509944 -58.05337894052 31.636641278719                
  998026 143.91203071404 -21.16968102913 -33.24165270608                
  998027 143.54328867483  -37.4452693034  -14.0370284844                
  998028 142.71338336261 -13.30750608121 -39.05696132668                
  998029 135.61113529713 -49.90785041653 6.1346045677869                
  998030  140.4062472063 -6.242663610855 -44.08440975377                
  998031 105.62511968626 -55.67781393926 42.482794831332                
  998032 96.098317601634 51.272345563696 -51.52013141611                
  998033 122.11283508032 -56.26858703524 25.583280632597                
  998035 102.16235305862 48.879743910273  -51.7130739169                
  998036 105.73634963181 42.823622220524 -55.37061456693                
  998037 137.06966237264 0.2029928213024 -48.66026130973                
  998038 140.55000891574 -44.31827262038 -0.694591362983                
  998039 97.894166962477 -54.92235982337 47.001424045605                
  998040 136.31040975248 5.7053645356315 -49.18805040555                
  998041 128.97499771464 -53.29659159365 19.202513202069                
  998042 113.28777587844 -55.49867677646  37.26249246247                
  998043 110.59912147047 39.814935952399 -55.22953266992                
  998044  146.3947937814 -22.12148073866  -27.2972129834                
  998045 131.00184319039  10.72174426459 -53.81724968387                
  998046 87.977900161858 -48.72264266672 55.573231338462                
  998047 129.02452876511 16.489148487042 -54.15857944907                
  998048 86.881673371492 57.899693438451 -46.09296404889                
  998049 144.42634802868 -37.82354631999 -7.568358461811                
  998050 126.43224001273 22.429406781799 -54.26032660928                
  998051 123.07239267909 27.521830797545 -54.62578968198                
  998053 119.32459775541 32.140176319843 -54.86074516563                
  998054 114.71097435295 36.065676202799 -55.44363070703                
  998056 145.71183961324 -14.19620584124 -33.49544237198                
  998058 135.15943957141 -49.18416395261  12.58940200318                
  998059  143.6880766004 -7.100404276184 -39.12608525854                
  998060  145.6600912266 -29.97481873658  -20.7672331391                
  998061 120.75844632938   -54.193959097  31.51638324176                
  998062 92.348455410379 56.856680302044 -46.36896988522                
  998063 95.978475014697  -51.2132567208 51.615074767313                
  998064 140.50230344958 -44.00502531395 5.8157874445493                
  998065 111.56274419836 -52.59405582468 42.555519000606                
  998066 98.067682219619 54.917786498329 -46.94373131631                
  998067 127.83261648451 -51.71106983745 25.369119622793                
  998068 87.108587621354 -43.68859957071 59.709089792229                
  998069 140.50422922889 0.3497228501333 -44.38895615341                
  998070 144.84705373146 -37.85776961311 -1.056890765486                
  998071 104.02470888192  52.41873030462 -47.25824342535                
  998072 103.85310474907 -52.36848993568 47.397025751882                
  998073 94.382557942494 -46.73202074126 56.107356705944                
  998074 148.40350660591 -22.82618106779 -21.13328219759                
  998075 148.28497520353 -14.86134599258 -27.61967823501                
  998076 119.11159637447 -51.74833466842  37.15786823355                
  998077 134.31261813231 -48.06814654639 18.922836528785                
  998078 134.97057414881 11.801108836391  -49.5914563233                
  998081 107.68060391995 46.158372188635 -51.66341871012                
  998082 147.09036564136 -30.57747752597  -14.4133005366                
  998083 146.74022586429  -7.06368509781 -33.75556278835                
  998085 133.10600545003 18.022064541376 -49.71551822364                
  998086 139.96780653168  6.402068172954  -44.6465627784                
  998087 109.62436162417 -49.35731976587 47.494503358166                
  998088 112.86225572611 42.933596235159 -51.50729655149                
  998089  130.6744680571 24.675904241982 -49.34317497694                
  998090 140.02415627878 -43.32064005006 12.258690500427                
  998091  126.3510545293 -49.74552027691 31.299510833715                
  998092 126.15377481858 30.460898305523 -50.44383329088                
  998093 121.97183205225 35.084808163797 -51.00789983843                
  998094 117.51827865914 39.260362658054 -51.34726644141                
  998095 87.211852807112 61.199504231717  -41.5622871548                
  998096 101.95682713709 -48.67353915809 51.990055300373                
  998097 92.868479557146 -42.17861476526 59.927970558709                
  998098 86.621642737497 -38.70918560546 63.098107654911                
  998099 144.80478778336 -37.55131690482 5.4419189180373                
  998101 117.20382481775 -48.96195319841 42.464050837747                
  998102 133.08411266139 -46.57608044173 25.076351436395                
  998104 143.90798093166 0.0406092214713 -39.41691023554                
  998106 107.57109063524 -45.76917465434 52.062435994572                
  998107 149.91610027281 -23.28158840317 -14.81031771746                
  998108 149.37556744898 -7.406263904145 -27.94469717424                
  998109 150.37655990341 -15.33731898481 -21.50651445883                
  998110 148.03556109298 -30.87875320319 -7.961400344368                
  998111 100.13272154332  -44.5216998048 56.240886637292                
  998114 124.55427451303 -47.42941992613 36.939909464817                
  998115 139.12508978908  -42.2759926282 18.575613966371                
  998116 138.71152481868  12.71249383048 -44.93505151494                
  998118 136.93670179356 18.914482362049 -44.99758509661                
  998119 109.74068369518 49.496984238953 -47.28024285887                
  998120 115.08556586184 -45.85324987005 47.401801455291                
  998121 144.30440505417 -36.91139437715 11.869431691223                
  998122 91.896848420628 -37.32576221595 63.241473145822                
  998124 131.49296312583  -44.7305677337 30.993820381934                
  998125  135.0055531253 24.281903517228 -44.78223793523                
  998126 98.416103937009 -40.11571111341 59.990279813067                
  998127 115.07096844774 46.129057369305 -47.14438039846                
  998128 93.479428341265 60.040626352336 -41.84177174172                
  998129 132.30142843062 29.097625499953  -45.0898719366                
  998130 105.41511673132 -41.78215766354 56.299542505954                
  998131 128.82308729021 33.475251483643 -45.86445355541                
  998133 124.62437355646 38.036642381104 -46.49186780982                
  998134 122.47555674789  -44.7938926568 42.242941203737                
  998135 143.36241080088 6.8822266808338 -39.68219256859                
  998136  120.0303582969 42.295341386008 -46.89439767792                
  998137 137.82084379666 -40.88682880499 24.709342461501                
  998138 146.97903993537 0.1307848087344 -34.02473018763                
  998139 148.49037885587  -30.8797219089 -1.464758514539                
  998140 99.739529675578 58.124185382631 -42.21019792175                
  998141 150.92015066358 -23.48737870411 -8.382536027823                
  998143 151.95730118144 -15.62484680895 -15.22216927797                
  998144 87.776750582153 64.211278087461 -36.63534705006                
  998145  112.8354860838   -42.422322186  51.94396870649                
  998146 151.52487198978 -7.624647057386  -21.8854675876                
  998147 86.218848385862  -33.6822871498 65.954477556959                
  998148 129.56351769953 -42.56046881045 36.623176369206                
  998149 142.11142670484 13.487316737848 -39.93473304135                
  998150 143.35771018906  -35.9488977699  18.16624975867                
  998151 96.985581384224 -35.43299211067 63.249087998964                
  998152 105.81134060804 55.634762364761 -42.43170484311                
  998154 120.16594369712 -41.86425720423 47.166764082367                
  998155 140.26013835819 19.819856914894 -40.08431032291                
  998158 94.450815357026 62.992807672442 -36.90778798809                
  998159 111.68578786878 52.610281800272 -42.44800435635                
  998160 136.13251830795 -39.17443661724 30.606081635742                
  998161 110.44214673698 -38.63425328795 56.141946833932                
  998162 137.93541473756 25.546002023016 -40.21463418873                
  998163 148.45405698145 -30.58494389066 5.0192700730734                
  998164 85.797617191564  -28.5641116199 68.359068026748                
  998165 127.32754605715 -40.09911594475 41.916420023379                
  998166 117.20749172679 49.099276119092  -42.3021541028                
  998167 146.42466469392  7.263508292505 -34.31945865517                
  998168 134.84303574452 31.042708267635 -40.60545738151                
  998169 103.55804752947 -37.52248971106 59.955593740392                
  998170 149.63679033107 0.1399293513023 -28.28014485753                
  998171 95.762186098966 -30.64426396963 65.990999015771                
  998172  151.4085302701 -23.44634728983 -1.904738327822                
  998173  153.0110948573 -15.72531754172  -8.82313994087                
  998174 141.98357710153 -34.67852095387 24.275133587737                
  998175 131.24121204384 36.032910925146 -41.09646126559                
  998177 153.15548959613 -7.725553573494 -15.64233612852                
  998178 127.03899168142 40.736282632468  -41.6210650005                
  998179 117.71087920493 -38.64843705234 51.672382872513                
  998180 122.33772020622 45.125823912862 -42.02469648874                
  998181 101.00848336237 61.096669778967 -37.12149064953                
  998182 88.148335643247 66.977878356353 -31.20615427066                
  998183 134.08550231215 -37.16617966832 36.216753099159                
  998185 145.12314711885 14.207655128888 -34.60536651375                
  998186 85.368676880448 -23.51756401966 70.283619753206                
  998188 107.36983987236 58.560320239381 -37.23467454408                
  998189 101.56851157786 -33.12998125307 63.173450693471                
  998190 124.83177095485 -37.38140435221  46.82621030638                
  998191 147.93248538606  -30.0022842517 11.429631109632                
  998192 90.122255550139 -27.65032829003 68.294919271113                
  998194 143.13124164142 20.851925296372 -34.87299340376                
  998195  115.1826301497 -34.99032553506 55.846550719063                
  998196  140.2069734352 -33.11891134292 30.143437511828                
  998197 95.189198998189 65.726086955576 -31.46118343018                
  998198 151.37978246573 -23.16419753102 4.5632680534501                
  998199 113.44736628836 55.440825721087  -37.2096836312                
  998200 131.70974760401 -34.89568097903 41.496511704868                
  998201 140.51423620276 27.072766077566  -35.1626358217                
  998202 151.81585377177 0.1810267651561 -22.27009703116                
  998203   153.528703957 -15.64256168278 -2.366148423121                
  998204  149.0709034077 7.6156192505002  -28.6216013401                
  998205 154.24801472669 -7.710807407204 -9.273357384565                
  998208 137.31525198605 32.834506793174 -35.52192120885                
  998209 119.15404908791 51.794938907165 -37.04920899913                
  998210 112.90436481107 -31.00792191133 59.434214037554                
  998211 122.15273957566 -34.44137010662 51.300003778925                
  998212 133.55028839846 38.168716963764 -35.95755104963                
  998213 102.07325902456 63.774381022949 -31.61907563435                
  998214  88.44654867811 69.344617489797 -25.43035988763                
  998215 129.24686774294 43.114617034008 -36.39584805372                
  998216 138.05709339645  -31.2928635913 35.725169675089                
  998217 124.43156114116 47.673578655515 -36.77021955535                
  998218 146.93992283588 -29.14236576396 17.704528419322                
  998219 147.71499410354 14.879646993508 -28.96119456231                
  998220 89.563648853635 -23.22084415268 69.997595796815                
  998221 100.11931165891 -28.41750108252 65.869100715564                
  998223 150.84054510941 -22.64908246957 10.957258863567                
  998225 129.04343333334 -32.40455512296 46.400808245887                
  998226 108.70055586822 61.159682668417 -31.67279400404                
  998227  109.6812221779 -27.62101641028 62.662645861404                
  998228 145.62356494739 21.826180769518 -29.30037084466                
  998229 153.50770739842 -15.38298598938  4.086432213898                
  998231 94.574341591245 -25.94449941156 68.224280136251                
  998232 95.780289317946  68.07653790325 -25.65276485735                
  998233 119.68420094261 -31.35650916956 55.063024473018                
  998234 154.79105441866  -7.58479290832  -2.83666845541                
  998235 135.56474668532 -29.22849610424 40.981961468286                
  998237 151.24397277497 7.9421848294362 -22.65921273858                
  998238 114.98757915013 57.935051408057 -31.61268781861                
  998239  142.8739136171 28.347048116456 -29.65167119747                
  998240  153.4731428064 0.2858051722552 -16.06799954089                
  998241 145.49937724594  -28.0181647022  23.78449290625                
  998242 89.997723101454 -18.73702859615  71.27384329643                
  998243 117.24578097534 -28.45938661656 58.209842221744                
  998244 93.360983451802 -21.74439488755 69.902651502422                
  998245 108.06453872052 -23.75217359256 64.927115610348                
  998246 139.53021849106 34.403382193739 -30.03034612713                
  998247 88.665155225604 71.246935721126 -19.38718413749                
  998248 114.40718076532 -26.25263911436 60.886340241036                
  998249 120.86391327584 54.160493387202 -31.44061341439                
  998251 126.14185332481 -29.75236437418 50.876631929941                
  998252 102.92958089498 66.075059861854 -25.76995481195                
  998253 149.80724036921 -21.91162620527 17.211811112053                
  998254 135.63559684191 40.001416487412 -30.43108231598                
  998255 149.85061673887 15.474909251964 -23.04480345793                
  998256 112.27016396056 -25.10246876366 62.485585302404                
  998257 132.76024150291  -26.9638056037 45.881027432421                
  998258 85.809738130591 -18.22330577278 71.807596181937                
  998259 154.78002788578 -7.344806530884 3.8957024136676                
  998260 131.21550995024 45.160539145942 -30.82407075735                
  998261 126.28089659383 49.891109672455 -31.16964910619                
  998262 98.746241416829   -23.746953654 68.066529892603                
  998263 152.95491648025 -14.95549678469  10.46716261786                
  998266 154.59314626708 0.4154012983232 -9.726746450072                
  998268 143.64207736607 -26.64408960726 29.615090788419                
  998269 109.78646675549 63.382013421909 -25.78683243147                
  998271 147.69248323408 22.676401878014 -23.42845468314                
  998272 97.320639503673 -18.74813013373 69.954778928088                
  998273 96.217984504323 69.974662787648 -19.56539740294                
  998274 152.90807054794 8.2384239295594 -16.49278868719                
  998275 123.07987289606 -27.08863706712  54.83771043616                
  998276 148.30706911137 -20.96389616096 23.262937663274                
  998277 154.22415147151  -7.02998184678 9.9773429954479                
  998278  93.11650263885 -13.08402990459 72.064705570275                
  998279 111.05914379798 -22.23549547855 64.144030139577                
  998280 144.85327362847 29.441473023348 -23.81208154748                
  998281 116.26437602562 60.055062580142 -25.70450171246                
  998282 114.27107156846 -22.03276475921 62.610501314022                
  998283 120.11329018202 -24.45805170111 58.171079322636                
  998284 88.802450317438   72.6426212698  -13.1478272239                
  998286 151.88842036935 -14.37122268115 16.706570460152                
  998287 154.03959383294 8.4985513588069   -10.178303463                
  998288 86.838925000832 -12.37211441708 72.966853014407                
  998289 141.40567245882  -25.0332183736 35.150990881708                
  998290 116.77067672726 -22.56511799408 61.020515290695                
  998291 141.40809808951 35.726520467895 -24.19869875275                
  998292 103.57120258304 67.936840018292 -19.64577269586                
  998293 151.49576078513 15.974379497277  -16.9124730035                
  998294 122.29669256635 56.158883594697 -25.52825081679                
  998295 87.024143420509 -5.976287096338 73.751489830109                
  998297  107.1343260105 -19.43014475539 66.719777907528                
  998298 155.15711995342 0.5873256729741 -3.308438048209                
  998299 137.40990889779 41.529733699436 -24.58295751335                
  998302 132.88630124643 46.866948555572 -24.94816550919                
  998303 127.84196775857 51.751645016039 -25.26958076727                
  998304 129.67312146466 -24.55660162063 50.390876888774                
  998305 110.61275722802 65.179237139661 -19.63625474497                
  998306 146.37918230928 -19.81626334578 29.049713477378                
  998307 138.82752392844 -23.19712125921 40.361823723098                
  998308 149.29809183587 23.370072571999 -17.32435297515                
  998309 101.80311069234 -16.37670483524 69.358391881853                
  998310  152.6249834255 16.366800626111 -10.62082098872                
  998311 96.498738832598 71.374940904161  -13.2736928027                
  998312 153.13955259096 -6.623414743401 16.212380164244                
  998314 150.33929975778 -13.64232516695 22.734700818979                
  998315 126.22029759985 -22.26314013505 54.505703883841                
  998316 110.99955896946 -18.21511654425 65.424643285913                
  998317 88.858697974812 73.504888976043 -6.778801785428                
  998318 93.126945423354 -5.612105661045 73.024283895783                
  998319  146.4021469828 30.320811791233 -17.72535435144                
  998320 122.55738537933 -19.98801659118 58.181915289294                
  998321 135.93354015321 -21.15687969028 45.232649136282                
  998322 144.07471155946 -18.47110541442 34.518718554049                
  998323 154.61738092179 0.9994091017134 9.4997512999824                
  998324  117.2570170111 61.761317672068 -19.54142421821                
  998326 86.841108963129 0.4423487844276 74.007019377777                
  998327  154.6242571006 8.7158264605874 -3.773928758297                
  998329 114.83480697019  -17.9740306643 63.594823740418                
  998330 118.73325254307 -18.38709172192 61.237882161759                
  998331 150.40921901194 23.895158934835 -11.04979911941                
  998332 103.99097987652 69.316907100585 -13.31758160133                
  998333 142.88845481157 36.779635232803 -18.11359644562                
  998334 123.41684423416 57.763070486819 -19.36777122251                
  998335 148.35446614679 -12.77679225744 28.481901098063                
  998336 86.571776560976  6.655030863671 73.730051699242                
  998337 138.81455046041 42.741843475262 -18.48398214666                
  998338 132.73734930118 -18.95842900076 49.751134627598                
  998339 151.56060402661 -6.149057864348 22.233731419037                
  998340 129.07250665786 53.237022178552 -19.12461130459                
  998342 134.20872244101 48.222866653536 -18.82616646413                
  998343 153.21989717855 16.644385650757 -4.228587542646                
  998344 99.268684086451 -4.375693714203 71.822962986508                
  998345 96.622060251845 72.248263359992  -6.84778532433                
  998346 111.16582417003 66.515209698838 -13.28663236044                
  998347 141.44869480503 -16.90587829401 39.641348011053                
  998348  106.4660153217 -14.61465500232  68.18844878806                
  998350 88.835782229682 73.818566145283 -0.345882686738                
  998352 92.671429106494 1.0446175928104 73.307535937403                
  998353 129.24198333074 -16.61383887139 53.928164556582                
  998354 111.00130391739 -13.34600045462 66.586049572782                
  998356 154.13098568138 8.9874688976569 9.0411137666435                
  998358 146.00222649318 -11.77292653123 33.873627244512                
  998359 147.48425240775 30.972906605579 -11.45876910488                
  998360 138.53161846015 -15.10095963607 44.422280242967                
  998361 124.96435024875 -14.24931590876  58.09794089041                
  998362 115.49825872543 -13.05781270499 64.430055191673                
  998363 151.01380929882 24.231176617758 -4.664991117386                
  998364  104.1859470221 70.186684314079 -6.855092803439                
  998365 86.284541793719 12.668677403262 72.960209270492                
  998366 120.00397224965 -13.31088464856 61.751812516486                
  998367 117.92972666141 63.033098828805 -13.18526970918                
  998368 149.54077335677 -5.621851608663 27.958011768142                
  998369 88.736162568281 73.579313682622 6.0818358980684                
  998370 143.93358177533 37.550660555165  -11.8441304211                
  998371 143.37280823522 -10.59906244608 38.843477417727                
  998372 124.19651109181 58.952569743296 -13.01880125992                
  998374 96.590670506946 72.577921787822 -0.357141148825                
  998375 135.29426696293 -13.09083656874 48.908201168447                
  998376 153.27558302121 16.793771897634 2.2014945128004                
  998377 92.081128208448    7.1983282161 73.053876379925                
  998378 139.81052855257 43.628929639506 -12.19948797006                
  998379 111.43834480188 67.364387908362 -6.805070972254                
  998380 129.93942516514 54.333332409528 -12.79375539792                
  998381 135.14576484148 49.218806921553  -12.5189438451                
  998382 105.04388916079  -3.09917097124 70.169734037929                
  998386 153.53596322754 1.2155227120167 15.744986145689                
  998387 132.00589324334 -11.00721627343 52.808741982106                
  998388 147.17233568635 -5.151548289988  33.25691319572                
  998389 88.561706414028  72.79558403329 12.428191986363                
  998390 110.69221633777 -1.860729477412 68.017378628662                
  998391 98.445722851266  1.993548271338 72.131151167769                
  998393 148.08458987716 31.379166874946  -5.07479342353                
  998394 128.46266013042 -9.333381622651 56.320415511853                
  998396 104.15812243438 70.529048298568 -0.328220961264                
  998397 151.09502383338 24.380493112176 1.7682229078238                
  998398 116.29252480126 -1.863536264053 65.287679858476                
  998399  96.40875657406 72.359018101521 6.1257443052102                
  998400 140.49751915686 -9.328546699673 43.409085384876                
  998401 124.41991864973 -8.149982303533 59.666468414258                
  998402  120.2153782867  -7.30226112729  62.61253579995                
  998403 144.70626217165 -4.574483818661 37.843283531927                
  998404  118.2779044019 63.845460380716 -6.700089499868                
  998405 144.51989973134 38.031976325068 -5.452450482799                
  998406 151.95297942939 1.4027389026489  21.78505148617                
  998407 152.79270065475 16.807227162619 8.6023412568478                
  998408 88.312998405229 71.493048286939 18.606836609476                
  998409 97.390656068475 8.0655995495817  71.95671725714                
  998410 104.23709541355 3.3087118987794 70.429501603956                
  998411 86.070588968205  18.47003188341 71.727718418392                
  998412 153.07667617443 9.0143384618179 15.311308248406                
  998413 124.61810020267 59.711487459036 -6.543177366588                
  998414 140.37325834294 44.184094150995 -5.790786520461                
  998415 91.373713460706 13.072762626254 72.340701274664                
  998416 111.43001190028 67.710497551018 -0.259718478031                
  998419 130.42123113281 55.029223962258 -6.337515981939                
  998420  135.6735666844  49.84663127945  -6.08687838171                
  998421 96.079664009921 71.600628287562 12.522022232983                
  998422 137.34734572449 -7.038527482961 47.817649466373                
  998423 103.91235705824 70.338353063644 6.1905900922871                
  998425 133.63002745013 -4.747999592548 52.142949851712                
  998426 129.73931119098 -3.930626955988 55.862173234894                
  998427 125.55040367714  -3.57734932128 59.281971840144                
  998428 85.982124600924 24.059541049938 70.057506107611                
  998429 110.38236126921 4.7988834944495 68.005619299588                
  998431 148.18820529197 31.537571774722 1.3661643659277                
  998433 115.99470796525 3.5694140089185 65.378689932582                
  998434 149.92452337842 1.5644102184987  27.53194852371                
  998435  150.6562267932  24.32848466062 8.1861147047685                
  998436 87.990267872827 69.721627926236 24.517729452093                
  998437 95.603829413511 70.330345669038 18.743552573544                
  998438 90.742481550473 23.816427516234 69.640074124787                
  998439 151.52103730118  8.958961790606 21.389522776926                
  998440 151.78605788673 16.670218544871 14.905716627694                
  998441 118.29798410877 64.183999102179 -0.151325164699                
  998442 144.63506404874 38.216510218174 1.0015526056683                
  998443 142.00394598012 -3.844425665415 42.137193754919                
  998444 121.32578982508 -1.137792450348 62.322543618915                
  998445 111.14519155656 67.547225578678 6.2793824419291                
  998446 103.45323803447 69.622688536334 12.624448764699                
  998447 102.76865156766 9.2962611384855 70.364369092884                
  998448  90.99274734269 18.655488804617 71.161449784408                
  998449 147.50318948253 1.7774889986412 32.946461295892                
  998450 87.610155961354 67.565795029565 30.041296059398                
  998451 86.065254574546 29.456976631934 67.958523167976                
  998453 124.67439503628 60.027985459743  -0.00372156412                
  998454 140.49003591384 44.400468302522 0.6827231632601                
  998455 139.12816355649 -0.751360409162 46.175909393877                
  998456 125.63690500762 1.5832912534771 59.303589285166                
  998457 101.34463172504 14.883982102648 69.830646663824                
  998460 130.50774655265 55.315303569591 0.1833016947582                
  998461 135.78011070413 50.098717201699 0.4103936160234                
  998462 130.14058436515 1.8416063818611 55.616745229951                
  998463 87.587767485758 65.045814791359 35.171647873996                
  998465 144.98024781983 1.7781999742195 37.615563320823                
  998466 86.287128291454  34.68721186682 65.425654703055                
  998467 149.51427643996 8.7758658564953 27.201467998092                
  998468 149.70942555826 24.062273521386 14.524355010741                
  998469 147.79429567508 31.438610660157 7.8031871311346                
  998470 94.961244743324 68.603859698444 24.690749445893                
  998471 142.26760125015 1.6680541303819 41.897088562474                
  998472 102.78198354147 68.407520939565 18.891497817119                
  998473 120.60305751092 4.7135558858584 62.618252942633                
  998474 134.90129122047 2.0493812013523 51.005028833025                
  998475  150.2828718858 16.377495685301 21.039643616128                
  998476 110.58958516995 66.880445303114  12.73986087499                
  998477 114.60655061183 8.8569862942816 65.604482448654                
  998478 90.852046268344 29.203091728924  67.54226714913                
  998479 108.01999706313 10.876697883267 68.285736763185                
  998480 117.99304189693 64.041957717416 6.3943949889389                
  998481 86.864678224212 44.579040144822 59.075063818852                
  998482 105.94309124699 16.511573025279 67.948071240519                
  998483 144.27704525351 38.096172464761 7.4587599818827                
  998484 98.538466433519 23.877508266331 68.078188059981                
  998485 124.92601180307 6.6570791828557 59.477133825124                
  998486 147.13073526829  8.445332493521 32.660720562853                
  998487 94.342200505953 66.488361814605   30.2085638633                
  998488 86.565954090975  39.74943389823 62.454660472441                
  998490 87.327730364931 49.237463994361 55.199760734845                
  998491 124.36636994124 59.895444241857 6.5361417768435                
  998492 138.38255073995 5.2914694621495 46.805752642395                
  998494 88.235132195302 53.587826046159 50.863438414795                
  998495  140.1582957719 44.271061005268 7.1625516828617                
  998496 88.730082678437 57.765264196832  45.98107430115                
  998497 99.824689611711 19.834680283098 69.023894251652                
  998498 130.19809267972 55.185111852874 6.7078788027268                
  998500 135.46325923358 49.968567197405 6.9137803758368                
  998501 93.259761735124 64.141641765052 35.312942435407                
  998502 89.861454402316 61.648585886797 40.395066819725                
  998503 141.60382945095 6.9843664563847 42.304941177147                
  998504 91.353663299996 33.887463447797 65.239167963009                
  998505 98.818070703737 27.180949216339 66.753693307656                
  998506 144.45726769309 7.7962742138075 37.734860110775                
  998507 119.10251483107 10.272297062382  62.88270654749                
  998508 109.76724116129 65.730563034654  19.04870874904                
  998509 112.66421789074 13.797632907027  65.71311320121                
  998510 148.32735822834  15.88933836565 26.938569346204                
  998511 148.27769127667 23.568534389261 20.718431966451                
  998512 129.24606166888 7.8961792620335  55.86962235952                
  998513 146.91189545725 31.072042886071  14.17528414417                
  998514 92.313396056876 43.752020510199  58.89966853067                
  998515 110.00677993145 18.999757957409 65.643190885398                
  998516 101.87682538727  66.74121492075 24.915103272105                
  998517 117.36951831516 63.422414303885 12.869496408377                
  998518  123.4022230796 12.213884906792 59.701741314501                
  998519 101.66307081391 24.966965821538 66.798594641523                
  998520 143.45279113652  37.66310013023  13.86025316772                
  998521 145.97760800732 15.189860458338 32.533835549064                
  998522 93.361823503304  47.94914282944 55.313357098934                
  998523 133.35794434174 9.4698302536476 51.770089843596                
  998525 100.74979190579 64.688673966262 30.601987455852                
  998526 92.092742260143 38.945579053089 62.224135515651                
  998527 108.67686324302 64.132787397907 25.139193674232                
  998528 116.91376776998 15.742652073108 63.037301735634                
  998530  137.0886415167  11.35321324933 47.287712586779                
  998531 123.70052840983 59.314383152636 13.012635212038                
  998532 94.446924316406 52.185186499713 51.060776374865                
  998533  96.43933738603 32.847300568544 64.765410306561                
  998534  139.3836652492 43.790460754982 13.590327482975                
  998535 99.140141083967 62.318228083064 36.036523561456                
  998536 103.67270461704 21.169561806612 67.452424103919                
  998537 143.30102541846 14.240583385064 37.778306083881                
  998538 140.34241042905 12.989692967488 42.673043372108                
  998539 127.63172481284  13.89417481359 56.069928529046                
  998540 146.39542640512 22.835077811617 26.704224214407                
  998541 95.721566184732 56.076968062369 46.365722835747                
  998543 129.49814050524 54.637114599294 13.175228451455                
  998544 97.145096997713 59.475570108549 41.386956193967                
  998545 134.72842886813 49.452750904704 13.364138242848                
  998546  145.5592012224 30.429121293891 20.421069307402                
  998547  100.9011012849  30.54712349909 64.674720216616                
  998548 107.30235746519 62.129421268943 30.971135904676                
  998549 121.21930264332 18.012114116772 59.744463691063                
  998550 97.365206276757 42.631365684153 58.537489196918                
  998551 116.43528467747 62.339640803864 19.207356302924                
  998552 131.59683021219 15.614795803231 52.032809847935                
  998553 114.25768105706 21.667688711138 62.736087206413                
  998554 144.10744925128 21.851734396962 32.421937702258                
  998556 142.17670330771 36.912853103219 20.146202492584                
  998557 98.000218052107 37.724458310825 61.640097258083                
  998558 104.39644904051 27.650708236854 64.807893317563                
  998559 102.93350271836 34.260934341405  62.10425569598                
  998560 105.64629007944 59.736063228224 36.542054979858                
  998561  125.5823377473 19.624391735372  56.02431610532                
  998562 135.21975688146 17.399262501242  47.63063287656                
  998563  143.7630312467 29.505905427373 26.478581927754                
  998564 122.68704011751 58.293991412177 19.362574247329                
  998565 141.46290204469  20.61154299989 37.825174863691                
  998566  98.88208890532 46.389603485014 55.134786686464                
  998567 138.17829898056 42.957771910821 19.906425994361                
  998568 107.25620641822 23.681834171179  65.28133105517                
  998569 138.49891895595 19.105806708653 42.895438369289                
  998571 103.81599622439 56.917962345564 41.844464153721                
  998572 128.41892523796 53.676554216616 19.523942695992                
  998573 133.58691249584 48.553397444392 19.701187366238                
  998574 100.30007155568 50.082268171563 51.290194957032                
  998575 101.98726686073 53.665999507098 46.805018243421                
  998577 101.97445687103 40.451681060431 58.614388666052                
  998578  129.4352647474 21.421964349712  52.02383486765                
  998579 118.61009382839 24.713435667275 59.041124771632                
  998580 115.19932646351 60.817784440172 25.347036394431                
  998581 107.22178757786 30.702535560054 62.302174507548                
  998582 141.55632026397 28.316389266105 32.284863038888                
  998583 140.47019880743 35.847768128703 26.254859525047                
  998584 105.93238491428 37.628703807844 58.941540096321                
  998585 103.91148212246 44.003383911309 55.230875329752                
  998586 132.89240599705 23.306632485491 47.699360622987                
  998588 121.34064842302 56.851247971068 25.525234877848                
  998589 138.98346154818  26.85472926856 37.789417303132                
  998590 123.63102285157 24.779901566199 55.500311355709                
  998591 136.56058902795 41.779705330314 26.048593909298                
  998592  113.6761136471 58.883628355532  31.23966762335                
  998593 114.34964232237 29.635976219322    59.338757155                
  998594 136.08491620028 25.155104307489   42.9421990943                
  998596 126.97725707138 52.316061458419 25.692181036583                
  998597 132.05599813921 47.280248528958 25.862498088118                
  998598  105.9935171895 47.371997685283  51.40729872524                
  998600 110.13998212927 33.975420807912 59.229777050318                
  998601 138.36210649797 34.480206510421 32.122751589307                
  998603 108.55473133096 40.935294229633 55.467998242518                
  998604 120.54405102054 29.385728942433 55.538807508011                
  998605 126.90761029823 26.868073661199 51.789441790248                
  998606 119.68507746522 55.007295871103 31.443683573753                
  998607 111.90002343412 56.555255651844 36.846812145806                
  998608 135.88947958502 32.835701978788 37.685879598328                
  998609 134.55663194334 40.273031585754 31.951502681573                
  998610 112.99319910071 37.274049296348 55.665352035495                
  998611 117.18539642324 33.200419333148 55.674593663367                
  998612 130.05364227377 28.913722094672 47.636457598536                
  998613 125.19873496228 50.574967075481 31.617740398782                
  998614 107.95922625484 50.757162625658 46.991760578956                
  998615 130.16120311841 45.651815525929 31.783122727495                
  998616 109.94135358605   53.8441063572 42.122630711442                
  998617 133.10369727568 30.948220646828 42.878840966631                
  998618 110.97092057811 44.209440621866 51.563611938378                
  998619  123.6079052823  31.82135735501 51.802707684281                
  998620 117.75971393072 52.784343945756  37.06296097515                
  998621   132.203260814  38.46637245009 37.547151238251                
  998622 113.43157532959 47.255773781395 47.185219998656                
  998623 115.69211462545 40.427889069167 51.706780523325                
  998624 119.97789927106 36.233383051455 51.763073158802                
  998625 115.62156114001 50.209356428136 42.327183975128                
  998626  126.6567857322 34.165055739796 47.535101383679                
  998627 123.12202076859 48.478821914874 37.237924185044                
  998628 127.94014194628 43.695967634442 37.395993189505                
  998629 129.55391621966 36.400789282899 42.764809842077                
  998630 118.29579163514  43.37227475297 47.320758050865                
  998631 120.80199507131  46.06004173588 42.491300569693                
  998632 122.70346579896 38.991432676189 47.453900842623                
  998633  125.4472768402 41.449494643249  42.63417771878                
  998634  -74.2488405425 -54.54596296798 -50.36780762085                
  998635 -74.24728546189 -50.10680909604 -54.78566943247                
  998636 -74.24761277685 -45.30314645683 -58.82003083065                
  998637 -74.25021905796 -58.55627466252 -45.64387381648                
  998638 -74.25098062541 -62.11880606414 -40.66292544022                
  998639 -74.24990159779    -40.23754146 -62.39505568046                
  998640 -74.25127613106 -34.97780288111 -65.48877227744                
  998641  -74.2514692619 -65.23024714126 -35.45770314126                
  998642 -67.49910705434 -54.50567529345 -50.41149890378                
  998643 -67.49867094994 -50.10419358735 -54.78826072432                
  998644 -67.49889552852 -45.35615906952 -58.77931848102                
  998645 -67.49976882199 -58.51196306723 -45.70063367049                
  998646  -74.2517244475 -67.89005179205 -30.05299457311                
  998647 -74.25081441393  -29.5225265984 -68.12230055632                
  998648 -67.50032035523 -62.09274883773 -40.70256785921                
  998649 -67.49964800203  -40.3201408899 -62.34170722853                
  998650 -67.50023912804 -35.04379355077 -65.45338729199                
  998651 -67.50069328216 -65.23113630244 -35.45583322576                
  998652 -74.24991920915 -23.85728987301 -70.30681064128                
  998653 -74.25165163369 -70.09816499137 -24.46401765867                
  998654  -60.7493267546 -54.51944568414 -50.39667040678                
  998655  -60.7492034707 -50.14133730775 -54.75436036358                
  998656  -60.7493420798 -45.42112789261 -58.72919502359                
  998657 -60.74961479163 -58.51580876751 -45.69571616563                
  998658 -67.50087536541 -67.91695721037 -29.99181927809                
  998659  -67.5002881536  -29.5537392207 -68.10869113534                
  998660 -60.74992637872 -62.09934719092  -40.6924417631                
  998661 -60.74966167755 -40.40233384997 -62.28848052746                
  998662 -74.25120458958 -71.85114438967 -18.69877948281                
  998663 -74.24931897923 -17.99915629144 -72.02942411546                
  998664 -60.74994497181 -35.12505537399 -65.40978212548                
  998665 -60.75017149928 -65.24758378191 -35.42543556621                
  998666 -67.50000111675 -23.86749243179 -70.30332835449                
  998667 -67.50083539822 -70.14255390202 -24.33607713367                
  998668 -53.99946229093 -54.55187169113 -50.36161183379                
  998669  -53.9994425997 -50.18963848732 -54.71013727312                
  998670 -53.99953731661 -45.48587608088 -58.67909468545                
  998671  -53.9995775716 -58.53775950416 -45.66761264461                
  998672 -74.24893732232 -11.98696981288 -73.27012573552                
  998673 -60.75030423181 -67.94422037868 -29.92983077552                
  998674 -74.25042475054 -73.13852854353 -12.76598570648                
  998675 -60.75004302577 -29.62245639196 -68.07879377957                
  998676 -53.99973376714 -62.11740126419 -40.66486294957                
  998677 -53.99970230672 -40.47788284992 -62.23941916513                
  998678 -67.50056315982 -71.89971674528  -18.5107677871                
  998679  -67.4996782662 -18.00916270454 -72.02694359248                
  998680 -53.99985442766 -35.20249945244 -65.36812185258                
  998681 -53.99987622081 -65.26650847698 -35.39050790791                
  998682  -60.7499735609  -23.9238828001 -70.28413727174                
  998683 -60.75029990102 -70.17650877164 -24.23778341704                
  998684 -47.24955965951 -54.58296049836 -50.32794412393                
  998685 -47.24957132784 -50.23136204908 -54.67185916135                
  998686 -74.24941899161 -73.94260086943 -6.684840936796                
  998687 -74.24868519956 -5.865747232772 -74.01205743476                
  998688  -47.2496352432 -45.53764946412 -58.63894280062                
  998689 -47.24959956493 -58.56026512959  -45.6387704794                
  998690 -67.49942476954 -12.01300166134 -73.26590910842                
  998691 -53.99996605434 -67.96568739125   -29.880970196                
  998692 -67.50009877965 -73.17771667436 -12.53918232746                
  998693  -53.9999318012 -29.69469042069 -68.04729626356                
  998694 -47.24967053749 -62.13458695651 -40.63860473517                
  998695 -47.24972759468 -40.53624207629 -62.20142980106                
  998696 -60.75015722692 -71.93320263401 -18.38001537972                
  998697 -60.74983245861 -18.06037312276 -72.01411859573                
  998698 -47.24981246549 -35.26248574054 -65.33577461786                
  998699 -47.24974512974 -65.28127922054 -35.36324223025                
  998700 -53.99992751858 -23.98847768646 -70.26209899281                
  998701 -53.99998208592 -70.19920984995 -24.17185724445                
  998702 -74.24852221132 0.3177837200308 -74.24341728521                
  998703 -74.24848685183   -74.242402145 -0.495471834459                
  998704  -40.4996341215 -54.60459509612 -50.30448816397                
  998705 -40.49964908955 -50.25941971658 -54.64608232469                
  998706 -67.49955035299 -73.96336860949 -6.451332724005                
  998707 -67.49923833762 -5.919388867493 -74.00785133395                
  998708 -40.49968746496  -45.5714312016 -58.61270215337                
  998709 -40.49964482266 -58.57617001089 -45.61837119602                
  998710 -60.74968858493 -12.06736407405 -73.25699043567                
  998711 -47.24979977883 -67.97961382166 -29.84924490828                
  998712 -60.74990843831 -73.20340246216 -12.38824409258                
  998713 -47.24986285602 -29.75197520654 -68.02225623873                
  998714 -40.49967381683 -62.14628553813 -40.62072273432                
  998715 -40.49973712321 -40.57368471688  -62.1770142571                
  998716 -53.99992200534 -71.95393468067 -18.29859218646                
  998717   -53.999872034 -18.11893171698 -71.99939829867                
  998718 -40.49978209898  -35.3008482152 -65.31505078118                
  998719   -40.499708853 -65.29037026046 -35.34645700088                
  998720 -47.24987279115 -24.04078261676 -70.24420632768                
  998721 -47.24982007181 -70.21232859253 -24.13368504713                
  998722 -67.49910714316 0.2286106064418 -74.24382276168                
  998723 -67.49911830267 -74.24357646949 -0.289083162347                
  998724 -74.24827937231 -74.02244871879 5.7318411130986                
  998725 -74.24844323896 6.5156083714439 -73.95761528265                
  998726 -33.74968569705 -54.61651042399 -50.29156102379                
  998727 -33.74969552469  -50.2746662614 -54.63206352215                
  998728  -60.7496248568  -73.9766027609 -6.297970564084                
  998729  -60.7495660343 -5.984086971771 -74.00267662584                
  998730 -33.74971504944 -45.58953917888 -58.59862300384                
  998731 -33.74968725142 -58.58495071099 -45.60710395534                
  998732 -53.99979840592 -12.12341885484 -73.24773489522                
  998733 -40.49973813916 -67.98720594247 -29.83194246365                
  998734 -53.99980437641  -73.2186982368 -12.29747479909                
  998735 -40.49981065139 -29.78879413119 -68.00613215412                
  998736 -33.74969771558 -62.15257994768 -40.61109914577                
  998737 -33.74973876454 -40.59357624226 -62.16402995709                
  998738   -47.249802676 -71.96518753856 -18.25424868237                
  998739 -47.24985294674 -18.16612251148 -71.98749619978                
  998740 -33.74975999026 -35.32115823484 -65.30406705521                
  998741 -33.74971223595 -65.29495060202 -35.33799989752                
  998742 -40.49981977638 -24.07454658722 -70.23263282684                
  998743 -40.49975373199 -70.21883464908  -24.1147370565                
  998744  -60.7494699101 0.1480223099088 -74.24406552628                
  998745 -60.74941015489  -74.2440300602 -0.150678473787                
  998746 -67.49904991888 -74.00998157924 5.8918005785374                
  998747 -67.49903186276 6.3864442729168 -73.96896621359                
  998748 -26.99971561845 -54.62180244596  -50.2858178853                
  998749 -26.99972032765 -50.28140062926 -54.62586897982                
  998750 -53.99966751072 -73.98431384584 -6.206854736358                
  998751 -53.99972571043  -6.04152224341  -73.9980182493                
  998752 -74.24846554356 12.677663841668 -73.15365438121                
  998753  -74.2492673692 -73.28386959784  11.90232269347                
  998754 -26.99972857956 -45.59748460584 -58.59244243832                
  998755 -26.99971526483 -58.58884426706  -45.6021069354                
  998756 -47.24981825426 -12.16675999063 -73.24054297008                
  998757 -33.74972580012 -67.99069530911 -29.82399024736                
  998758 -47.24975563698  -73.2267328962 -12.24952732708                
  998759 -33.74977394568 -29.80828791513  -67.9975853897                
  998760 -26.99971852173 -62.15531820784 -40.60691255047                
  998761 -26.99973822922 -40.60226203595 -62.15835728277                
  998762 -40.49975289817 -71.97045463764 -18.23345952764                
  998763  -40.4998136922 -18.19639306962 -71.97984297539                
  998764 -26.99974680568 -35.33000481934 -65.29928007843                
  998765  -26.9997237202 -65.29685134728 -35.33449098933                
  998766 -33.74977941571 -24.09241308884 -70.22650084872                
  998767 -33.74973478414 -70.22158079369 -24.10673785727                
  998768 -53.99966204065 0.0857144945684 -74.24417891124                
  998769 -53.99956096451 -74.24417536657 -0.067966495812                
  998770 -60.74936149296 -74.00086223069 6.0058403403958                
  998771 -60.74940516516 6.2862973693014 -73.97758966374                
  998772 -20.24972971714 -54.62368705804  -50.2837724871                
  998773 -20.24973150768 -50.28379266238 -54.62366840647                
  998774 -47.24969660615 -73.98828964211 -6.159352997672                
  998775 -47.24977935736 -6.082879210907 -73.99462951676                
  998776 -67.49902682984 12.508019116237 -73.18293910736                
  998777 -67.49942810264 -73.26356942186 12.026857773565                
  998778 -20.24973440585 -45.60029736779 -58.59025406129                
  998779 -20.24972934301 -58.59022860324 -45.60033030543                
  998780 -40.49979893362 -12.19389362154 -73.23602485663                
  998781 -26.99972905183 -67.99204035222 -29.82092580884                
  998782 -40.49973822577 -73.23037700628 -12.22772199105                
  998783 -26.99975258304 -29.81677052086 -67.99386403289                
  998784 -74.25078087412  -72.0465623475 17.930557299944                
  998785 -74.24862634777 18.751132987035 -71.83715587803                
  998786 -20.24973018655 -62.15627967978 -40.60544274124                
  998787 -20.24973769795 -40.60532971161 -62.15635334665                
  998788 -33.74973760491 -71.97255065268 -18.22518239639                
  998789 -33.74977810102 -18.21230840566 -71.97581302046                
  998790 -20.24974059928 -35.33312611796 -65.29759067469                
  998791 -20.24973175972 -65.29749744776 -35.33329860274                
  998792 -26.99975514608 -24.10017399512 -70.22383537785                
  998793 -26.99973314416 -70.22255841434 -24.10389091744                
  998794 -47.24974175478 0.0443770162368  -74.2442188777                
  998795 -47.24964789906 -74.24421463643 -0.024997770465                
  998796 -53.99952655092 -73.99523554902 6.0750947075217                
  998797 -53.99961275457 6.2164136840205 -73.98351530528                
  998798 -13.49973501528 -54.62421041713 -50.28320451702                
  998799 -13.49973559644 -50.28445389607 -54.62306010895                
  998800 -40.49971669707 -73.99006100215 -6.138076406326                
  998801 -40.49978048564  -6.10766867456 -73.99258440451                
  998802 -60.74938258557 12.387039512727 -73.20356118692                
  998803 -60.74949827678 -73.24822624759 12.120107441989                
  998804 -13.49973647732 -45.60107305531 -58.58965054608                
  998805 -13.49973483448 -58.59061498415 -45.59983449773                
  998806 -33.74977266271  -12.2079136748 -73.23368531779                
  998807  -20.2497335116 -67.99247269146  -29.8199412521                
  998808 -33.74973480091 -73.23177842349 -12.21932815109                
  998809 -20.24974258109 -29.81976246714 -67.99255105591                
  998810 -67.49997175197 -72.01516989187 18.056018204232                
  998811  -67.4991181759  18.54547051405 -71.89060503758                
  998812 -13.49973500467 -62.15654842943 -40.60503199201                
  998813  -13.4997374413 -40.60617623786 -62.15580032076                
  998814  -26.9997353034 -71.97325124528 -18.22241611457                
  998815 -26.99975512489 -18.21918172498  -71.9740711207                
  998816 -74.24898865867 24.680628858247 -70.02181615625                
  998817 -74.25116258853 -70.33292241567 23.780295395024                
  998818 -13.49973826231 -35.33399018561 -65.29712294488                
  998819 -13.49973540254 -65.29767643394 -35.33296839375                
  998820 -20.24974353034 -24.10290846545 -70.22289588122                
  998821   -20.249735015 -70.22285117048  -24.1030388313                
  998822 -40.49976105047 0.0209542583935 -74.24422851667                
  998823 -40.49969750874 -74.24422461897 -0.005921246085                
  998824 -47.24962847675 -73.99229681289 6.1109583682456                
  998825 -47.24970911268 6.1733320396376 -73.98712988048                
  998826 -6.749736597965 -54.62431545676  -50.2830905416                
  998827 -6.749736771754 -50.28458383889 -54.62294058326                
  998828 -33.74972869147 -73.99072921772 -6.130034663271                
  998829  -33.7497651105 -6.120082275255 -73.99155599959                
  998830 -53.99958522573 12.308096797671 -73.21689883953                
  998831 -53.99957528351 -73.23888601364 12.176532757159                
  998832 -6.749737015725 -45.60122472075 -58.58953255305                
  998833 -6.749736526962 -58.59069548346 -45.59973121831                
  998834 -26.99975346999  -12.2138856021  -73.2326875279                
  998835 -13.49973588486 -67.99258946912 -29.81967544532                
  998836 -26.99973554113 -73.23222856541 -12.21663190427                
  998837 -13.49973880874 -29.82059435638 -67.99218593234                
  998838 -60.74972539691 -71.99358317167 18.141869635832                
  998839 -60.74941767108 18.405538794371 -71.92660221556                
  998840  -6.74973655162 -62.15660697196 -40.60494253385                
  998841 -6.749737268521 -40.60634357778 -62.15569100176                
  998842 -20.24973603913 -71.97344795082 -18.22163981314                
  998843 -20.24974365712 -18.22159306764 -71.97345971057                
  998844 -67.49933825555 24.449713660882 -70.10283903057                
  998845 -67.50023293969 -70.28029645052 23.935144559689                
  998846 -6.749737465523  -35.3341644239 -65.29702862445                
  998847 -6.749736635527  -65.2977173121 -35.33289299257                
  998848 -13.49973906961 -24.10367167665 -70.22263359862                
  998849   -13.499736343  -70.2229271736 -24.10281775149                
  998850 -74.25014595104 -68.15096938874 29.456133750555                
  998851 -74.24964645781 30.410324575874 -67.73043509163                
  998852 -33.74975648725 0.0097258271561 -74.24422933454                
  998853 -33.74972259972 -74.24422743168 0.0012020206394                
  998854 -40.49968892896 -73.99100206174  6.126701410268                
  998855 -40.49974252257 6.1502732917178 -73.98905173394                
  998856 2.629603001E-04 -54.62433054283 -50.28307417241                
  998857 2.629279945E-04 -50.28460090588 -54.62292488454                
  998858   -26.999734475 -73.99093907629 -6.127508684496                
  998859 -26.99975087436 -6.125238973426 -73.99112770817                
  998860 -47.24968598442 12.262007549184 -73.22464139647                
  998861 -47.24964605393 -73.23412839619   12.2051839145                
  998862 2.628954277E-04 -45.60124390127 -58.58951763026                
  998863 2.629856523E-04 -58.59070836725 -45.59971468848                
  998864 -20.24974325175 -12.21595839137 -73.23234092889                
  998865 -6.749736745882 -67.99261746386 -29.81961173644                
  998866  -20.2497365358 -73.23234942011  -12.2159083506                
  998867 -6.749737581796 -29.82076682028 -67.99211022911                
  998868 -53.99968000976 -71.98124533962 18.190778258934                
  998869 -53.99958825568 18.317808844716 -71.94901724136                
  998870 2.630072870E-04 -62.15661749395  -40.6049264548                
  998871 2.628748046E-04 -40.60636488872 -62.15567707828                
  998872 -13.49973671822 -71.97349686372 -18.22144689947                
  998873 -13.49973911144 -18.22226659709 -71.97328887066                
  998874 -60.74952229622 24.296639981835  -70.1560714639                
  998875 -60.74990871976 -70.24919995659 24.026181723213                
  998876 2.628594143E-04 -35.33418803568 -65.29701584028                
  998877 2.630253942E-04 -65.29772583053 -35.33287727909                
  998878 -6.749737620966 -24.10383363373 -70.22257793086                
  998879 -6.749736865612 -70.22294617382 -24.10276249335                
  998880 -67.50013333495 -68.07406999605 29.633349577576                
  998881 -67.49969855969 30.172626915828 -67.83667494416                
  998882 -26.99974766182  0.005231659083 -74.24422870696                
  998883 -26.99973310886 -74.24422831861    0.0034078053                
  998884 -33.74971972815 -73.99052510518 6.1324957584434                
  998885 -33.74974759513  6.139742290584 -73.98992600588                
  998886 6.7502625857409 -54.62435495732 -50.28304763912                
  998887 6.7502625430427 -50.28462668149 -54.62290113525                
  998888 -20.24973662228 -73.99099402734 -6.126847731075                
  998889 -20.24974251806 -6.126992253826 -73.99098183057                
  998890 -40.49972736868 12.238456128939 -73.22858452104                
  998891 -40.49969542679  -73.2320882552 12.217455651184                
  998892 -74.25066031243 35.890459587557 -64.99299489398                
  998893 -74.24956389467  -65.5080839125  34.94148471594                
  998894  6.750262589534 -45.60126868188 -58.58949831643                
  998895 6.7502627168431 -58.59072949318 -45.59968754567                
  998896 -13.49973901958 -12.21653468987 -73.23224450077                
  998897 2.630269654E-04 -67.99262388149 -29.81959713188                
  998898 -13.49973699031 -73.23237854976 -12.21573405973                
  998899 2.628554273E-04 -29.82079137454 -67.99209944798                
  998900 -47.24969476328 -71.97526648086 18.214440543369                
  998901 -47.24967743213 18.268300770336 -71.96161378183                
  998902 6.7502628954505 -62.15663517059 -40.60489941255                
  998903 6.7502626927054 -40.60638626384 -62.15566308579                
  998904 -6.749736978867 -71.97350954783 -18.22139688012                
  998905 -6.749737614646 -18.22241251209 -71.97325184779                
  998906 -53.99962627418 24.202565706966 -70.18859810004                
  998907 -53.99979703515 -70.23273872877 24.074233249743                
  998908 6.7502628047947  -35.3342041933 -65.29700707097                
  998909 6.7502630688154 -65.29773887417 -35.33285320628                
  998910 2.628641467E-04 -24.10385813033 -70.22256950785                
  998911 2.630195721E-04 -70.22295097004 -24.10274854616                
  998912  -60.7500025945 -68.03023217584 29.733791372554                
  998913 -60.74968383936 30.016263222633 -67.90601735669                
  998914 -20.24974152452 0.0037530850548 -74.24422826225                
  998915 -20.24973654078 -74.24422858638 0.0039776112032                
  998916 -26.99973248559 -73.99037960278 6.1342644493211                
  998917 -26.99974409185 6.1357119442915 -73.99025977731                
  998918 13.500261390465 -54.62449561792 -50.28289473636                
  998919 13.500260963074 -50.28476345016 -54.62277509678                
  998920 -13.49973716614 -73.99100710807 -6.126690510043                
  998921 -13.49973884309 -6.127473081196 -73.99094176096                
  998922 -33.74973956106 12.228149725442 -73.23030687422                
  998923 -33.74972216147 -73.23135576398 12.221861567125                
  998924 -67.50008901551 35.671606332098 -65.11331819995                
  998925 -67.50005552558 -65.41250229435 35.120095582236                
  998926 13.500260916012  -45.6013908206 -58.58940311143                
  998927 13.500262145355 -58.59086309862 -45.59951583775                
  998928 -6.749737585736 -12.21666116659 -73.23222332544                
  998929 6.7502632055483 -67.99263288543 -29.81957665061                
  998930  -6.74973708492 -73.23238634479 -12.21568741815                
  998931 6.7502629014469 -29.82080182087 -67.99209484515                
  998932 -40.49971663725 -71.97280802551  18.22416497444                
  998933 -40.49971842631 18.243759224789 -71.96784346604                
  998934 13.500263036194 -62.15675150878  -40.6047213634                
  998935 13.500261182952  -40.6064859469 -62.15559783087                
  998936 2.630077956E-04 -71.97351295301 -18.22138345596                
  998937 2.628729200E-04 -18.22243561151 -71.97324598367                
  998938  -74.2506655942 -62.43185601405 40.180698815054                
  998939 -74.25124634588 41.094101589569 -61.83443045451                
  998940 -47.24968598807 24.150337102543 -70.20659442753                
  998941 -47.24976019438 -70.22512422683 24.096427649373                
  998942 13.500261618932 -35.33427810202 -65.29696696816                
  998943 13.500263851246 -65.29783297848 -35.33267941761                
  998944 6.7502629737656 -24.10386381971 -70.22256753936                
  998945  6.750263290811 -70.22295642965 -24.10273270421                
  998946 -53.99989639436 -68.00732079374 29.786117413328                
  998947 -53.99969070196 29.920276397365 -67.94837267055                
  998948 -13.49973858126 0.0033580095947 -74.24422808141                
  998949 -13.49973728138 -74.24422865486 0.0041138538186                
  998950 -20.24973654508 -73.99034234272 6.1347178941416                
  998951 -20.24974034261 6.1344423059449 -73.99036471548                
  998952 20.250257347943  -54.6251419289 -50.28219217661                
  998953 20.250255525563 -50.28537169361 -54.62221460884                
  998954  -6.74973717344  -73.9910107322 -6.126646915743                
  998955 -6.749737540128 -6.127579097724 -73.99093291262                
  998956 -26.99974061865 12.224369856188 -73.23093786228                
  998957 -26.99973338069 -73.23113699571 12.223178181804                
  998958 -60.74983922874 35.523613042154 -65.19416033315                
  998959 -60.75005343335 -65.35383453019  35.22910128611                
  998960  20.25025511705 -45.60192027341 -58.58899047483                
  998961  20.25026029386 -58.59149591987 -45.59870249555                
  998962 2.628847269E-04 -12.21668183993 -73.23221986112                
  998963 13.500264440732 -67.99270245412 -29.81941823446                
  998964 2.629957603E-04 -73.23238849807 -12.21567454054                
  998965 13.500262087991 -29.82085142587 -67.99207300845                
  998966 -33.74973039729 -71.97195465655 18.227540563039                
  998967 -33.74973383926 18.233328962093 -71.97048796978                
  998968 20.250263689989 -62.15732124698 -40.60384929279                
  998969 20.250255945211 -40.60691576488 -62.15531655003                
  998970 6.7502633357947 -71.97351580072 -18.22137228894                
  998971 6.7502630259608 -18.22243757804  -71.9732454748                
  998972 -67.50014181769 -62.31462481094 40.362182429468                
  998973 -67.50020761452 40.914656454982 -61.95321851011                
  998974 -40.49971744962 24.124826682054 -70.21536829297                
  998975 -40.49974826986 -70.22207866117 24.105298508599                
  998976 20.250257512019 -35.33460772078 -65.29678823146                
  998977 20.250266728445 -65.29830394946 -35.33180943764                
  998978 13.500262500996  -24.1038937784 -70.22255720191                
  998979 13.500264749973 -70.22300309032 -24.10259705125                
  998980 -47.24982651757 -67.99665830534  29.81042633763                
  998981 -47.24970850879 29.867038802597 -67.97179517216                
  998982  -74.2500838319 46.026169984418 -58.25635389976                
  998983 -74.25046563456 -58.94405224252 45.142219602187                
  998984 -6.749737488995 0.0032713941959 -74.24422802782                
  998985 -6.749737246452 -74.24422866902  0.004153661655                
  998986 -13.49973737215 -73.99033317048 6.1348295162095                
  998987 -13.49973826043 6.1341162500201 -73.99039160813                
  998988  27.00024618851 -54.62745827154 -50.27967422456                
  998989 27.000240949485  -50.2875375416 -54.62021892632                
  998990 2.629847792E-04 -73.99101175173 -6.126634658147                
  998991 2.628946558E-04 -6.127596816284 -73.99093143073                
  998992 -20.24973912285 12.223232388166 -73.23112758438                
  998993 -20.24973686291 -73.23108126507 12.223513809814                
  998994 -53.99975638382 35.430828945916 -65.24462918969                
  998995 -53.99996560977 -65.32169611194 35.288613257393                
  998996 27.000240129176 -45.60380319013 -58.58752321486                
  998997 27.000254996813 -58.59378141952 -45.59576484556                
  998998 6.7502630608037 -12.21668127663 -73.23221994751                
  998999 20.250268808359 -67.99305966597 -29.81860449574                
  999000 6.7502633654657 -73.23238963514 -12.21566783079                
  999001 20.250259277913 -29.82109532559 -67.99196577906                
  999002 -26.99973614478 -71.97170531411 18.228527091764                
  999003 -26.99973786242  18.22962190516 -71.97142729849                
  999004 27.000265248052 -62.15939392792 -40.60067637978                
  999005 27.000243076762 -40.60846105446 -62.15430557406                
  999006 13.500264831392 -71.97354370045 -18.22126246405                
  999007 13.500262808001 -18.22245374097 -71.97324134831                
  999008 -60.75006996477 -62.23853970435 40.479359721644                
  999009 -60.74989638848 40.782644424051 -62.04017256391                
  999010 -33.74973145927 24.114147536112 -70.21903795669                
  999011 -33.74974344818 -70.22103074668 24.108349522405                
  999012  27.00024814405 -35.33583353231 -65.29612386917                
  999013 27.000274370514 -65.30002964002 -35.32862118434                
  999014 20.250260816701 -24.10407340745 -70.22249538048                
  999015 20.250269757515 -70.22325089044 -24.10187616046                
  999016 -40.49978359531  -67.9922766187 29.820405781781                
  999017 -40.49972373837 29.841102275769 -67.98318836395                
  999018  -67.4998824513  45.87832629183 -58.37283299416                
  999019 -67.50001639564 -58.79784616348 45.332433241296                
  999020 2.629131584E-04 0.0032568691365 -74.24422801593                
  999021 2.629748471E-04 -74.24422867294 0.0041651463523                
  999022 -6.749737301814 -73.99033029641 6.1348643844471                
  999023 -6.749737396026 6.1340461743711 -73.99039737497                
  999024 33.750220937802 -54.63400847809  -50.2725528664                
  999025 33.750209643567 -50.29364519737  -54.6145907055                
  999026 6.7502633887512 -73.99101200878 -6.126631729951                
  999027 6.7502630777949 -6.127594716319 -73.99093159906                
  999028 -13.49973792212 12.222954621509 -73.23117386825                
  999029 -13.49973748465 -73.23106691238 12.223600214003                
  999030 -47.24973626415 35.378758153178 -65.27287967145                
  999031 -47.24987938256 -65.30593731591 35.317737946412                
  999032 33.750210015664 -45.60912798824 -58.58337395196                
  999033 33.750242092792  -58.6002723581 -45.58742010653                
  999034 13.500262992569 -12.21668855283 -73.23221871156                
  999035 27.000280463528 -67.99437921899 -29.81559776776                
  999036 13.500264782956 -73.23240382275 -12.21558327813                
  999037 27.000253529231 -29.82206642874 -67.99153919282                
  999038 -74.24846718073 -55.03755976212    49.830393453                
  999039 -74.24902652186 50.682170227387 -54.25419511309                
  999040 -20.24973764939 -71.97164165254 18.228778998888                
  999041 -20.24973807921 18.228546365523 -71.97169972047                
  999042 33.750267541326 -62.16530429134 -40.59162644342                
  999043 33.750219723457 -40.61289828224 -62.15140305192                
  999044 20.250269767645 -71.97369886763 -18.22065095329                
  999045 20.250261874937 -18.22258987722 -71.97320677896                
  999046 -53.99999228536 -62.19458571878 40.546820237951                
  999047 -53.99979581829   40.6967045518 -62.09657282424                
  999048 -26.99973631592 24.110415759803 -70.22031981136                
  999049 -26.99974067857 -70.22072027409 24.109253059036                
  999050  33.75023394862 -35.33948741369 -65.29414422716                
  999051 33.750290305597 -65.30496815546 -35.31949456089                
  999052 27.000257837491 -24.10486889247 -70.22222193797                
  999053 27.000282948152 -70.22417599266 -24.09918390742                
  999054 -33.74975904348 -67.99069011837 29.824016323038                
  999055 -33.74973246606 29.830290983815 -67.98793399874                
  999056 -60.74983748722 45.760842585042 -58.46497025577                
  999057 -60.74999857844 -58.70323471474 45.454855355737                
  999058 6.7502630858569 0.0032602430621 -74.24422801228                
  999059  6.750263402469 -74.24422868424 0.0041651694479                
  999060 2.629667826E-04 -73.99032944625 6.1348746868072                
  999061 2.629193226E-04 6.1340362662093 -73.99039818702                
  999062 40.500172234525 -54.64889864251  -50.2563573917                
  999063 40.500154229522 -50.30744137895 -54.60187326503                
  999064 13.500264666417 -73.99101720687 -6.126569781317                
  999065 13.500263069872 -6.127596281077 -73.99093145311                
  999066 -6.749737344194 12.222897861253 -73.23118331252                
  999067 -6.749737342257 -73.23106179765 12.223630934558                
  999068 -40.49973456558 35.353253370772 -65.28669786328                
  999069 -40.49981457818 -65.29901924595 35.330508877437                
  999070 40.500162916162 -45.62116407258 -58.57399312016                
  999071 40.500214398482  -58.6151365812 -45.56830109575                
  999072  20.25026239216  -12.2167960009 -73.23220071539                
  999073  33.75030516974 -67.99816897737 -29.80695954812                
  999074 20.250269196022 -73.23248793567 -12.21508086393                
  999075 33.750247665915 -29.82515956957 -67.99018119424                
  999076  -67.4996187419  -54.8765685423  50.00773077342                
  999077 -67.49952013666 50.535199798075 -54.39117415744                
  999078 -13.49973767021 -71.97162397548  18.22884890328                
  999079 -13.49973762882 18.228296610777 -71.97176294868                
  999080 40.500268216166 -62.17891620037 -40.57077234683                
  999081 40.500190929523 -40.62310604962 -62.14472563035                
  999082  27.00028243019 -71.97428729111 -18.21833067387                
  999083 27.000260324733 -18.22327485882 -71.97303311525                
  999084 -47.24990664568 -62.17166626801 40.581924385751                
  999085 -47.24976075173 40.647674760581  -62.1286754925                
  999086 -20.24973736793 24.109356520245 -70.22068359146                
  999087 -20.24973895246 -70.22063784846 24.109492783587                
  999088 -74.24831121717 -50.72664261322 54.212591034956                
  999089 -74.24945555773 55.001273638428 -49.87049330327                
  999090 40.500225883223 -35.34828677464 -65.28937761607                
  999091 40.500316871825 -65.31638143645 -35.29838967633                
  999092 33.750257211457 -24.10763374809 -70.22127221119                
  999093 33.750310531662 -70.22684646218 -24.09140904632                
  999094  -26.9997463948 -67.99018470671 29.825165643673                
  999095 -26.99973611577  29.82653527109 -67.98958209897                
  999096 -53.99980729118 45.682705565687 -58.52603835499                
  999097 -53.99996758622 -58.64624295337 45.528334103578                
  999098 13.500263065646  0.003262539684 -74.24422799794                
  999099 13.500264507865 -74.24422873428 0.0042084581952                
  999100  6.750263392307 -73.99032962281 6.1348726552532                
  999101 6.7502630552636 6.1340365411516 -73.99039816088                
  999102  47.25008748589 -54.67642541213 -50.22639082065                
  999103 47.250070135105 -50.33255811441 -54.57870346997                
  999104 20.250268342931 -73.99105090842 -6.126165767163                
  999105 20.250262482853   -6.1276821582  -73.9909242763                
  999106 2.629136679E-04 12.222886528042 -73.23118519563                
  999107 2.629548240E-04 -73.23106018515 12.223640609942                
  999108 -33.74973607346 35.342603956245  -65.2924638547                
  999109 -33.74977377049 -65.29630986332 35.335506501116                
  999110 47.250107511048 -45.64295123537 -58.55700337506                
  999111 47.250159590559 -58.64301982992 -45.53240009695                
  999112 27.000260945524 -12.21740575244 -73.23209880266                
  999113 40.500347613314 -68.00694694497 -29.78693860671                
  999114 27.000280046828  -73.2328144869 -12.21312839441                
  999115 40.500255816294 -29.83319101016 -67.98665627202                
  999116 -60.74986690412 -54.76781342301 50.126821115944                
  999117 -60.74978056261 50.425961810119   -54.492478997                
  999118 -6.749737376437 -71.97161676433 18.228877384889                
  999119 -6.749737475908 18.228250017471  -71.9717747228                
  999120  47.25026106357 -62.20469529505 -40.53123426957                
  999121 47.250178595373 -40.64196443145 -62.13238591022                
  999122 33.750308038704 -71.97600113552 -18.21156885448                
  999123 33.750260953051 -18.22586977112 -71.97237571949                
  999124 -40.49983355715 -62.16089472723 40.598402360282                
  999125  -40.4997471487 40.623499208656 -62.14448447481                
  999126 -13.49973735231 24.109120059286 -70.22076478619                
  999127 -13.49973796986 -70.22061361172 24.109563243665                
  999128 -67.49951074549 -50.57335371812 54.355718440561                
  999129 -67.49966293698 54.846758199893 -50.04040575221                
  999130 47.250255028918 -35.36556123118 -65.28001960361                
  999131 47.250353764514  -65.3380801324 -35.25821944131                
  999132 40.500272688865 -24.11546358934 -70.21858362086                
  999133  40.50035673348 -70.23305151118 -24.07333062375                
  999134 -20.24974067375 -67.99004064444 29.825492983301                
  999135 -20.24973714928 29.825478250551  -67.9900459021                
  999136 -47.24978091056 45.637896701568 -58.56098188492                
  999137 -47.24990333833 -58.61484184993 45.568729227925                
  999138 20.250262366393 0.0031967048627 -74.24422793137                
  999139  20.25026734806 -74.24422890127 0.0045307471053                
  999140 13.500264288798 -73.99032723625 6.1349018746315                
  999141 13.500263072732  6.134043637585 -73.99039755971                
  999142 53.999942810186 -54.71773255719 -50.18135473614                
  999143 53.999952260594 -50.36887088636 -54.54516391886                
  999144 27.000276784894 -73.99118629703 -6.124538912753                
  999145 27.000260252353 -6.128220465492  -73.9908794731                
  999146 -74.25011834274 58.912234232752 -45.18370832736                
  999147 -74.25008667366 -46.07979150808 58.213966009501                
  999148 6.7502630947608 12.222891693603 -73.23118433306                
  999149 6.7502633527487 -73.23106079102 12.223637011801                
  999150 -26.99973706508 35.338904304798 -65.29446647514                
  999151  -26.9997521227 -65.29537361034 35.337232328668                
  999152 54.000065392161 -45.67373308446  -58.5329777826                
  999153 54.000054204807 -58.68616986058  -45.4767476827                
  999154  33.75025932984 -12.21987320316 -73.23168672985                
  999155 47.250408645502 -68.02364124395 -29.74881636794                
  999156 33.750300756058 -73.23378051517 -12.20734734838                
  999157 47.250312308531 -29.85048414556  -67.9790667799                
  999158 -53.99991104595 -54.69878190917 50.202125435724                
  999159 -53.99982166744 50.355282276959 -54.55779504335                
  999160 2.629391633E-04 -71.97161433458 18.228886977476                
  999161 2.629415732E-04 18.228246332254 -71.97177564203                
  999162 54.000237687049 -62.24526101633 -40.46890368968                
  999163  54.00022598424 -40.66928245591 -62.11450151945                
  999164 40.500348411459 -71.98001216158  -18.1957298497                
  999165  40.50027378415 -18.23377537264 -71.97037341553                
  999166 -33.74978384348 -62.15637682932 40.605308501519                
  999167 -33.74974134018 40.613381866127 -62.15109641837                
  999168 -6.749737206329 24.109083823221 -70.22077722111                
  999169  -6.74973743128 -70.22060315198 24.109593663922                
  999170 -60.74980728735 -50.45633795465  54.46437191012                
  999171 -60.74984678582 54.744987837379 -50.15172807812                
  999172 54.000376381631 -35.39298843031 -65.26515786252                
  999173 54.000404834411 -65.37232801262 -35.19469721641                
  999174 47.250335560929 -24.13394747902 -70.21223606475                
  999175 47.250418712775 -70.24486237151 -24.03887512588                
  999176 -13.49973839127 -67.98999852467 29.825588666413                
  999177 -13.49973722597 29.825242221532 -67.99014946465                
  999178  -40.4997605343 45.615819983525 -58.57817706224                
  999179 -40.49983642134 -58.59921978979 45.588799678413                
  999180 27.000259193674 0.0027457077253 -74.24422767571                
  999181  27.00027319344 -74.24422930525 0.0058948463366                
  999182 20.250266253995 -73.99030572211 6.1351628036035                
  999183 20.250262327804 6.1339983758294 -73.99040124271                
  999184 60.749675426988 -54.76658714246  -50.1279743606                
  999185 60.749781253636 -50.40748781598  -54.5094327062                
  999186 33.750291378921  -73.9915969841 -6.119594535574                
  999187 33.750254489166 -6.130497436066 -73.99069022376                
  999188 -67.50010163511 58.775346413329  -45.3615872909                
  999189 -67.49989331517 -45.92495851848  58.33616814643                
  999190 13.500263142456 12.222900021546 -73.23118293801                
  999191 13.500264023742 -73.23105748042 12.223656971537                
  999192 -20.24973736341 35.337862778956 -65.29503021204                
  999193 -20.24974248836 -65.29509046777 35.337753937872                
  999194 60.750068964775 -45.70377306637  -58.5095037489                
  999195 60.749844804996  -58.7411537032 -45.40565947153                
  999196 40.500261653498  -12.2277659222 -73.23036877328                
  999197 54.000490040618 -68.04984649023 -29.68885914339                
  999198 40.500329991213 -73.23607531128 -12.19359711084                
  999199 54.000474500644 -29.88156749805 -67.96542039003                
  999200 -47.24987729038 -54.65876366556 50.245676168265                
  999201 -47.24980308627 50.315472761668 -54.59450419997                
  999202 6.7502632942815 -71.97161555233 18.228882181949                
  999203 6.7502633209695 18.228246175995 -71.97177569402                
  999204 60.750198009467 -62.29865538196 -40.38664931251                
  999205 60.750394224313 -40.69701814545 -62.09633705403                
  999206   47.2503950311 -71.98769631541 -18.16533969897                
  999207 47.250321614759 -18.25373654154 -71.96531572573                
  999208 -74.25126060479 -41.15643044083 61.792976477908                
  999209 -74.25024419232 62.401227787884 -40.22822752816                
  999210 -26.99975633991 -62.15471820836 40.607842544985                
  999211 -26.99973885397 40.609862577484 -62.15339578478                
  999212 2.629313378E-04 24.109111984208 -70.22076754883                
  999213 2.629193132E-04 -70.22059953787 24.109604178409                
  999214 -53.99986405074  -50.3772503587 54.537525650582                
  999215 -53.99986595494 54.682565217321  -50.2197717422                
  999216 60.750660077331 -35.42651153326 -65.24699094594                
  999217 60.750506956579 -65.41724271196 -35.11117360881                
  999218   54.0004973493 -24.17082467052 -70.19956211498                
  999219 54.000485607712 -70.26330631436  -23.9849573684                
  999220 -6.749737517738 -67.98998208478 29.825626054198                
  999221 -6.749736944139 29.825208119259 -67.99016443646                
  999222 -33.74974767425 45.606605544322 -58.58534971927                
  999223 -33.74978667657 -58.59231842514 45.597659541229                
  999224 33.750249508747 7.740422942E-04 -74.24422683492                
  999225 33.750281539212 -74.24422984973 0.0102015116308                
  999226 27.000269573616  -73.9902085793 6.1363377728769                
  999227 27.000258729501 6.1336509077957 -73.99042975108                
  999228 67.499103403364 -54.80666618369  -50.0840430488                
  999229 67.499513569701  -50.4262184525 -54.49203526802                
  999230 40.500307761551   -73.992597381 -6.107519902731                
  999231 40.500242995514 -6.137997434958 -73.99006693032                
  999232 -60.74999108408 58.687364578339 -45.47532316589                
  999233 -60.74986620348 -45.79858793012 58.435421634622                
  999234 20.250262571609 12.222871093071 -73.23118771318                
  999235 20.250265160137 -73.23102057118 12.223878452028                
  999236 -13.49973730089 35.337633925808 -65.29515408395                
  999237 -13.49973886397 -65.29501051572 35.337901188887                
  999238 67.500178981274 -45.70942580344 -58.50507243069                
  999239 67.499377249515 -58.79828473315 -45.33156300713                
  999240 47.250278852234 -12.24851663758 -73.22690086667                
  999241 60.750616808785 -68.08338958136 -29.61191396278                
  999242 47.250354099939 -73.24054666365 -12.16674794892                
  999243 60.750812824065  -29.9278940894 -67.94506744679                
  999244 -40.49982512743 -54.63792241571 50.268325410449                
  999245 -40.49977513243 50.296139092108 -54.61231087404                
  999246 13.500263764221 -71.97161193212 18.228896511439                
  999247 13.500263278117 18.228248966496 -71.97177500187                
  999248 67.500182783991 -62.35828408618 -40.29450686929                
  999249 67.500758170478 -40.70464196762 -62.09137056533                
  999250    54.000423769 -71.99975543403  -18.1175298162                
  999251   54.0004428053 -18.29630889302 -71.95451310269                
  999252      -67.500225 -40.96927212449  61.91712779453                
  999253 -67.50025115847  62.29752406908 -40.38856722194                
  999254 -20.24974389099 -62.15419672515 40.608638914235                
  999255 -20.24973786106 40.608867109074 -62.15404613503                
  999256 6.7502631042922 24.109077623706 -70.22077935034                
  999257 6.7502632393213  -70.2206015915 24.109598201777                
  999258 -47.24984452882 -50.32936029649 54.581712419283                
  999259  -47.2498312403 54.648615347268 -50.25670144713                
  999260 67.501171019216 -35.45187632699 -65.23327404291                
  999261 67.500811950619 -65.46571118683 -35.02078825444                
  999262 60.750822762471 -24.23353482505 -70.17797221056                
  999263 60.750545867502 -70.28638139423 -23.91731544321                
  999264 2.628917080E-04 -67.98997669818 29.825638313719                
  999265 2.629502905E-04 29.825208364417 -67.99016433843                
  999266 -74.24974238768 65.478045751493 -34.99778437102                
  999267 -74.25066587768  -35.9604448222 64.954307028196                
  999268  -26.9997411907 45.603404890047 -58.58784048656                
  999269 -26.99975781665 -58.58967552457 45.601050869536                
  999270  40.50022644191 -0.005853908977 -74.24422420369                
  999271 40.500285585777  -74.2442289379 0.0211262781752                
  999272 33.750272188593 -73.98988631799 6.1402278821883                
  999273 33.750247339121 6.1320765041066 -73.99055924386                
  999274 74.247673666586 -54.81087655401 -50.07920328247                
  999275 74.249201225721 -50.38548599355 -54.52959478023                
  999276 47.250308698909  -73.9946046939  -6.08319178299                
  999277 47.250224810547 -6.158165726694 -73.98838798329                
  999278 -53.99992666848 58.635353127389 -45.54234024278                
  999279 -53.99984452565 -45.71024498567 58.504543647098                
  999280 27.000259610014 12.222624253826 -73.23122866279                
  999281 27.000266270346 -73.23084318959 12.224941701623                
  999282 -6.749737134616 35.337598474523 -65.29517327843                
  999283 -6.749737628138 -65.29498421914 35.337949660521                
  999284 74.250589757158 -45.65051356576 -58.55106122601                
  999285 74.248066984716 -58.84748829239 -45.26746063373                
  999286 54.000330807512 -12.29443119142 -73.21920823486                
  999287 67.500876591494 -68.11637928763 -29.53604891181                
  999288 54.000340585608 -73.24772256423 -12.12351009873                
  999289 67.501390959282 -29.98343489968 -67.92065187293                
  999290 -33.74978230067 -54.62835485348 50.278714848965                
  999291 -33.74975460762 50.288162510955 -54.61965301269                
  999292 20.250264243203 -71.97156080717 18.229098408557                
  999293 20.250263249432  18.22823139148 -71.97177943962                
  999294 74.250429258601 -62.41966210365 -40.19936881306                
  999295 74.251392985198 -40.65780685001 -62.12212718891                
  999296 60.750394638454 -72.01485842554 -18.05745085663                
  999297 60.750688284478 -18.37418619861 -71.93468976528                
  999298 -60.74992373661 -40.82711012314 62.010930874973                
  999299 -60.75008097007 62.228084196945 -40.49541560744                
  999300 -13.49973924393 -62.15405356102  40.60885748454                
  999301  -13.4997374594 40.608643892134 -62.15419197469                
  999302 13.500263494562 24.109073749267 -70.22078069912                
  999303 13.500263573118 -70.22059780727 24.109609227916                
  999304 -40.49980620136 -50.30355095673 54.605490664139                
  999305 -40.49979012154 54.632571916212 -50.27413289007                
  999306 74.251941062354 -35.44288495828 -65.23828176122                
  999307 74.251850944254 -65.50727109317 -34.94317711511                
  999308 67.501376490186 -24.32501296333 -70.14638863505                
  999309 67.500585921577 -70.30720223609 -23.85611910485                
  999310 6.7502632097632 -67.98997980476 29.825631231618                
  999311   6.75026295286 29.825204973023 -67.99016582434                
  999312 -67.50015540128 65.398360464727 -35.14643523485                
  999313 -67.50010107163 -35.73312629462 65.079585527505                
  999314 -20.24973858099 45.602493546517 -58.58854962829                
  999315 -20.24974441174  -58.5888224901  45.60214509163                
  999316 47.250180916838 -0.023947517265 -74.24421499039                
  999317 47.250266194074 -74.24421937756 0.0441116395659                
  999318 40.500265836587 -73.98902978522 6.1505425855202                
  999319 40.500219576943  6.126667252397 -73.99100455328                
  999320 54.000258251474 -73.99795619793 -6.042297838494                
  999321 54.000200595648 -6.203640109319 -73.98458342035                
  999322 -47.24985880168 58.608121682782 -45.57735950352                
  999323 -47.24981558523 -45.65542689131 58.547324514465                
  999324 33.750249880728 12.221451704198 -73.23142348973                
  999325 33.750264319726 -73.23022814337 12.228625428596                
  999326 2.629801692E-04 35.337594494373  -65.2951754384                
  999327 2.628725558E-04 -65.29497650709  35.33796388762                
  999328 -74.24962786336 -30.48524389746 67.696746526499                
  999329 -74.25017228466 68.121840809137 -29.52350258416                
  999330 60.750444913782 -12.38160902656 -73.20452450658                
  999331 74.251407422296 -68.13395111848 -29.49567697406                
  999332 60.750237378326 -73.25704754457 -12.06704415757                
  999333 74.252253159342 -30.03215428488 -67.89926584412                
  999334 -26.99975628915 -54.62457974425 50.282812440935                
  999335  -26.9997437562 50.285411134354 -54.62218479676                
  999336 27.000263759125 -71.97130307297 18.230115809581                
  999337  27.00026216835 18.228050799165 -71.97182507116                
  999338 67.500248574546 -72.02837122196 -18.00349411005                
  999339 67.501115532812 -18.49842973347  -71.9028917397                
  999340 -53.99982729306 -40.72924508024  62.07524311724                
  999341 -53.99996722021 62.187894025104 -40.55706789445                
  999342 -6.749737720737  -62.1540136089 40.608918505365                
  999343 -6.749737244039 40.608606152472 -62.15421664326                
  999344 20.250264410508  24.10904883805  -70.2207893049                
  999345 20.250263669823 -70.22053056215 24.109805028448                
  999346  -33.7497731812 -50.29137602661 54.616698318318                
  999347  -33.7497611114 54.626095171689 -50.28116569448                
  999348 74.252218155994 -24.44081681558 -70.10625754157                
  999349 74.250507636941 -70.31283302009 -23.83959168183                
  999350 13.500263494426 -67.98997581159 29.825640328719                
  999351 13.500263838257 29.825194822492 -67.99017030472                
  999352 -60.75009235015 65.346481579414 -35.24273705208                
  999353   -60.749859675  -35.5737656582 65.166814860732                
  999354 -13.49973768476 45.602280509855 -58.58871541185                
  999355 -13.49973937412 -58.58859242028 45.602440138563                
  999356 54.000100944283 -0.065187495145 -74.24417875759                
  999357 54.000187295582  -74.2441800415   0.08495243277                
  999358 47.250231145587 -73.98713254795 6.1733021548981                
  999359  47.25016470422 6.1116445729559 -73.99224040466                
  999360 60.750102321186 -74.00260094355 -5.985047333687                
  999361 60.750167495427 -6.291427659776 -73.97716057562                
  999362 -40.49980187506 58.595709285581 -45.59330420464                
  999363 -40.49978583536 -45.62527974717 58.570815094594                
  999364 40.500226373435 12.217296643655 -73.23211438392                
  999365 40.500250719513 -73.22852600009 12.238809552242                
  999366  6.750263254489 35.337590662508 -65.29517752272                
  999367 6.7502632124788 -65.29498015664 35.337957139891                
  999368 -67.49969057145 -30.23882775156 67.807192063122                
  999369 -67.50022337671 68.060230042129 -29.66517073753                
  999370 67.500653952215 -12.52667173795 -73.17986083898                
  999371 67.499978178318 -73.26617993371 -12.01138977745                
  999372 -20.24974390278 -54.62333798171 50.284159891185                
  999373 -20.24973934258 50.284622473612 -54.62291041536                
  999374 33.750259039117 -71.97037949568  18.23376035329                
  999375 33.750257634161 18.227164604726  -71.9720490822                
  999376 74.249890265119  -72.0318440941 -17.98952728076                
  999377  74.25178539393  -18.6757614237 -71.85713452398                
  999378 -74.25117160659 70.303817231841 -23.86635482372                
  999379  -74.2489256244 -24.75468717932 69.995652239288                
  999380   -47.249788363 -40.66844699298 62.115086800308                
  999381 -47.24987357877  62.16764534188 -40.58807303177                
  999382 2.628604024E-04  -62.1540034487 40.608934034179                
  999383 2.629702840E-04 40.608601504041 -62.15421968732                
  999384 27.000266351461 24.108867951618 -70.22085154572                
  999385 27.000262450621 -70.22018254605  24.11081827608                
  999386 -26.99975256329 -50.28647008285 54.621212536163                
  999387 -26.99974602242 54.623892637296 -50.28355652722                
  999388 20.250263502938 -67.98988997204 29.825835942909                
  999389 20.250266008433 29.825141131408 -67.99019400255                
  999390 -53.99997216447 65.317533684168 -35.29631123678                
  999391 -53.99977929371 -35.46750255585 65.224706211791                
  999392  -6.74973732117 45.602238021528 -58.58874849528                
  999393 -6.749737745233 -58.58853628888 45.602512132899                
  999394 60.749960202737 -0.145199496942  -74.2440435188                
  999395 60.749997072145 -74.24406799099 0.1469291427772                
  999396   54.0001342056 -73.98354564268  6.216050819633                
  999397 54.000071260891 6.0769724582768  -73.9950827963                
  999398  67.49977762131 -74.00781621937 -5.919865204029                
  999399 67.500107681991 -6.439767392017 -73.96437984215                
  999400  -33.7497654608 58.590854165235 -45.59953716016                
  999401 -33.74976241446 -45.61081563426  58.58207584801                
  999402 47.250182662345 12.205432766191 -73.23408712875                
  999403 47.250207746383 -73.22460691396 12.262215175684                
  999404 13.500264321259 35.337571096138 -65.29518817009                
  999405 13.500263511168 -65.29497585178 35.337965084664                
  999406 -60.74968581347 -30.07030910356 67.882103590056                
  999407 -60.75009121974 68.023401217774 -29.74944297237                
  999408 74.251003960982 -12.74458615037  -73.1422661828                
  999409 74.249490392846 -73.27078684871 -11.98298258141                
  999410 -13.49973918031 -54.62300617436 50.284519861647                
  999411 -13.49973788457 50.284427211256 -54.62309008519                
  999412  40.50024244293 -71.96774933382 18.244133327653                
  999413 40.500246422654 18.223925418287  -71.9728680985                
  999414 -67.50038108518 70.264362403516 -23.98200454369                
  999415 -67.49928880428 -24.51607523343 70.079647610972                
  999416 -40.49976631182 -40.63478064588 62.137112954849                
  999417 -40.49980593486 62.158809050392 -40.60158921886                
  999418 6.7502632260843 -62.15400757549 40.608927709518                
  999419 6.7502634051594 40.608596737533 -62.15422281305                
  999420  33.75026983109 24.108035812453 -70.22113754137                
  999421 33.750257095076 -70.21891467554 24.114509140809                
  999422 -74.24849625466  -18.8137738773 71.820735209727                
  999423 -74.25086150169 72.016058694615 -18.05303387718                
  999424 -20.24974256379 -50.28483313751 54.622718395877                
  999425 -20.24973994941 54.623258269682 -50.28424500407                
  999426 27.000262417826 -67.98944248077 29.826855730884                
  999427 27.000271710587 29.824869394004 -67.99031367151                
  999428 -47.24986950028  65.30360876417 -35.32203752709                
  999429 -47.24975526039   -35.402143477 65.260203543426                
  999430 2.629783431E-04   45.6022306355 -58.58875425494                
  999431 2.628532917E-04 -58.58852417003 45.602527683689                
  999432 67.499680646728 -0.279736169118 -74.24361749837                
  999433 67.499636918713 -74.24382604541 0.2277141944087                
  999434 60.749927468994 -73.97763670689 6.2857383832292                
  999435 60.749916842395  6.009465327296 -74.00057134949                
  999436 74.249225036214 -74.01214233751  -5.86472827883                
  999437 74.249993499386 -6.666148748037 -73.94429561096                
  999438 -26.99974731514 58.589239602683  -45.6016091213                
  999439 -26.99974795565 -45.60490505109 58.586675407379                
  999440   54.0001199762 12.177349932036 -73.23875148694                
  999441 54.000105907973 -73.21688353374 12.308187436346                
  999442  20.25026778546 35.337465279796 -65.29524568925                
  999443 20.250263686159 -65.29487030242  35.33816007444                
  999444 -53.99969677773 -29.95973263592 67.930986834422                
  999445  -53.9999525404 68.003894395514 -29.79395111683                
  999446 -6.749737669434 -54.62293287744 50.284599378355                
  999447 -6.749737371352 50.284379607224 -54.62313391424                
  999448 47.250199993145 -71.96152571764 18.268649648131                
  999449 47.250228728992 18.214346260223  -71.9752901821                
  999450 -60.75008253596 70.240835589182 -24.05070404798                
  999451 -60.74948642737 -24.35123129281 70.137134337944                
  999452 -33.74975193751 -40.61849067754 62.147760918672                
  999453 -33.74976608505 62.155495044766  -40.6066551497                
  999454 13.500263585941  -62.1540009232 40.608937880528                
  999455 13.500264779986 40.608565198385 -62.15424349481                
  999456 40.500275982044 24.105056211988 -70.22216100913                
  999457 40.500242144868 -70.21525040391 24.125172170561                
  999458 -67.49900060557 -18.60382488301 71.875496161722                
  999459 -67.50029715168 71.996258747421 -18.13155415311                
  999460 -13.49973873894 -50.28439663282 54.623119870489                
  999461 -13.49973798419 54.623090484664 -50.28442711735                
  999462 33.750258412286 -67.98780568302 29.830585553905                
  999463  33.75028446957 29.823781568468 -67.99079209258                
  999464 -40.49980059822 65.297845931636 -35.33267347782                
  999465 -40.49974677751 -35.36596610193 65.279815553573                
  999466  -74.2498640261 73.253423721959 -12.08919431552                
  999467 -74.24825059438 -12.71264622551 73.147509766405                
  999468 6.7502635010117 45.602226433953 -58.58875753583                
  999469 6.7502632293513 -58.58852696461 45.602524082674                
  999470 74.249061579026 -0.480814939732 -74.24250761083                
  999471 74.249054309396 -74.24341737081 0.3179900314726                
  999472  67.49955664878 -73.96899412384  6.386113845946                
  999473 67.499616329226 5.8978158160443 -74.00950881865                
  999474 -20.24974020661  58.58877513315 -45.60220503007                
  999475 -20.24974090185 -45.60291200306 58.588226016582                
  999476 60.750052209061 12.121613985657 -73.24798012098                
  999477 60.749903556485 -73.20353988838 12.387162699345                
  999478 27.000277174173 35.336998160664 -65.29549932015                
  999479 27.000263422475 -65.29432346487 35.339170341435                
  999480 -47.24971367205 -29.89212605837 67.960768202466                
  999481 -47.24985005723 67.994993726318 -29.81422630351                
  999482 2.628651251E-04 -54.62291950276 50.284613891338                
  999483 2.629772690E-04  50.28436859069  -54.6231440671                
  999484 54.000109648652 -71.94891397287 18.318215267678                
  999485 54.000219336108 18.190746007672 -71.98125408635                
  999486 -53.99991718664 70.228694150811 -24.08607072207                
  999487  -53.9996005363 -24.24251879075 70.174804799347                
  999488 -26.99974342056 -40.61177580588 62.152148120651                
  999489 -26.99974718607 62.154428542481 -40.60828468918                
  999490 20.250264104032 -62.15387651495 40.609128298605                
  999491 20.250269220993 40.608389781258  -62.1543584463                
  999492 47.250289743118 24.096193321142  -70.2252039478                
  999493 47.250209353522  -70.2064591582 24.150732233156                
  999494 -60.74931840977 -18.45483067689 71.913950268042                
  999495 -60.75001742822  71.98315205423 -18.18338159525                
  999496 -6.749737539459 -50.28430595889 54.623203256855                
  999497 -6.749737374425 54.623041273228 -50.28448056284                
  999498 40.500248806094 -67.98305423189 29.841409771974                
  999499 40.500309195253  29.82023096847  -67.9923522461                
  999500 -33.74976273384 65.295799361907 -35.33644797119                
  999501 -33.74974218191 -35.34839865561 65.289329463356                
  999502 -67.50008640778 73.244050970633 -12.14573578796                
  999503 -67.49881635021  -12.5457242536 73.176429192046                
  999504 13.500265035961 45.602185433026 -58.58878953027                
  999505 13.500263670157 -58.58851582384 45.602538389422                
  999506  -74.2481411846 -6.501989802288 73.958702647833                
  999507 -74.25084831076  73.99980470846 -6.019983353353                
  999508 74.248971413254 -73.95755741867 6.5162589689571                
  999509 74.248855914687 5.7411515641258 -74.02173746901                
  999510 -13.49973797664 58.588642753831 -45.60237489021                
  999511 -13.49973818995 -45.60237730853 58.588641943783                
  999512 67.499990447775 12.029202312221 -73.26319027971                
  999513 67.499549894114 -73.18285219431 12.508523274745                
  999514 33.750298477343 35.335341847832 -65.29639789175                
  999515 33.750262133987 -65.29232796972 35.342856719794                
  999516 -40.49972618874 -29.85470631011 67.977217234312                
  999517 -40.49978801736 67.991525729573  -29.8221181824                
  999518 6.7502632047473 -54.62291984841   50.2846135071                
  999519 6.7502635162737 50.284365984056 -54.62314647594                
  999520 60.749938889149 -71.92643797806 18.406180001966                
  999521 60.750269827842 18.141702324103 -71.99362706373                
  999522 -47.24982146724 70.223367306619 -24.10156504086                
  999523 -47.24966749126 -24.17572674666 70.197854052301                
  999524 -20.24973926865 -40.60948810624 62.153642468347                
  999525 -20.24974003601 62.154122365304 -40.60875235976                
  999526 27.000265129595 -62.15324425698 40.610096056976                
  999527 27.000281301008 40.607653355401 -62.15484072233                
  999528 54.000328124302 24.073823321918 -70.23287874134                
  999529 54.000148129727 -70.18839916464 24.203143690808                
  999530 -53.99951033115 -18.35447282619 71.939660354693                
  999531 -53.99986212959 71.976221257174 -18.21073206568                
  999532 2.628723879E-04 -50.28429145944 54.623216589612                
  999533 2.629680821E-04 54.623027720847 -50.28449529128                
  999534  47.25023187757 -67.97161194804 29.867457240802                
  999535 47.250351999612 29.810258882795 -67.99673054972                
  999536 -26.99974572096 65.295170411865 -35.33760724374                
  999537 -26.99973932025 -35.34111758923 65.293270722713                
  999538 -60.74988529191 73.237517584815 -12.18494945396                
  999539 -60.74919436728 -12.42207746935 73.197584993497                
  999540  20.25026988596 45.601937642659 -58.58898278903                
  999541 20.250264637606 -58.58837668112 45.602717209112                
  999542 -67.49871715727  -6.38698501597 73.968834053364                
  999543 -67.49981288822 73.996558314166 -6.059155267731                
  999544  -74.2486515442  74.24398804682 0.1337100252956                
  999545 -74.24815873222 -0.233607519746 74.243583318094                
  999546 -6.749737334996 58.588598060935 -45.60243227062                
  999547 -6.749737350587 -45.60226806694 58.588726905439                
  999548 74.249836760642 11.905951863678 -73.28328920215                
  999549 74.248991922886 -73.15339871797 12.679134331591                
  999550 40.500338844429 35.330438991005 -65.29905585277                
  999551 40.500259543499 -65.28653818107 35.353549753389                
  999552 -33.74973284223   -29.836484624 67.985218091384                
  999553 -33.74975665784 67.990373091612  -29.8247390376                
  999554 13.500263707535 -54.62290313368 50.284631668154                
  999555 13.500265007019 50.284319587813 -54.62318926642                
  999556 67.499640686126 -71.89030121927 18.546646366778                
  999557 67.500519397516 18.055537824278 -72.01529355094                
  999558 -40.49977185253 70.221395769458 -24.10729448177                
  999559 -40.49970469784  -24.1385680571 70.210645661918                
  999560 -13.49973766102 -40.60886805805 62.154047427468                
  999561 -13.49973787001 62.154030250929 -40.60889307935                
  999562 33.750267314614  -62.1509459101 40.613613684734                
  999563  33.75030831026 40.605212112116 -62.15643862146                
  999564 60.750439724183 24.025307781847 -70.24949849288                
  999565 60.750043044275 -70.15573345781 24.297615817705                
  999566 -47.24962159165 -18.29181890047 71.955632928065                
  999567 -47.24978662225 71.973172232986 -18.22275175457                
  999568 6.7502631507138 -50.28428909041  54.62321876613                
  999569 6.7502634487896 54.623026593245 -50.28449652604                
  999570 54.000211329764 -67.94805493547  29.92099845332                
  999571  54.00042061931 29.785818164549 -68.00745037655                
  999572 -20.24973953149 65.294992178711 -35.33793562156                
  999573 -20.24973782612 -35.33861806395 65.294623419366                
  999574 -53.99978366435 73.233784423799 -12.20732222216                
  999575 -53.99943388791 -12.33580130355 73.212212046647                
  999576 27.000282923466 45.600914571779 -58.58978038385                
  999577 27.000267285184 -58.58768830768 45.603601864256                
  999578 -74.24832562889 6.0373088850652 73.998091057209                
  999579 -74.24712904032 73.971845655348 6.3514058426704                
  999580 -60.74911264773 -6.295358323656 73.976758962156                
  999581 -60.74969773023 73.993701396548 -6.093936553264                
  999582 -67.49927889106 74.244114417618 0.0915080811591                
  999583  -67.4987034429 -0.174264124959 74.243855681643                
  999584 2.629569513E-04  58.58858438906 -45.60244983366                
  999585 2.629094273E-04 -45.60224935556 58.588741457244                
  999586 47.250402870586 35.317763343453 -65.30592209974                
  999587 47.250258384716 -65.27261603475 35.379245418187                
  999588 -26.99973564625 -29.82890029766  67.98854645725                
  999589 -26.99974346364 67.990040124005 -29.82549553106                
  999590 20.250265176739 -54.62275671049 50.284790829791                
  999591 20.250269590503 50.284012276158 -54.62347256137                
  999592 74.249151240582 -71.83659293889 18.753287110196                
  999593 74.251330042869 17.929922785136 -72.04672528281                
  999594 -33.74974960598 70.220780745834 -24.10908036977                
  999595 -33.74972360174 -24.12038611667 70.216896410154                
  999596 -6.749737168078 -40.60873927648 62.154131520501                
  999597 -6.749737279396 62.153995295668 -40.60894651378                
  999598 40.500271564884 -62.14427999304 40.623813231029                
  999599 40.500357551058 40.598450881057 -62.16086169357                
  999600 67.500761399048 23.933590110175 -70.28082546357                
  999601 67.499858951013 -70.10225850558 24.451376603244                
  999602 -40.49968281948 -18.25655175596 71.964597088623                
  999603 -40.49975454092 71.972054105433 -18.22715749626                
  999604 13.500263699295 -50.28426816282 54.623238052514                
  999605 13.500264712192 54.622977525362 -50.28454990311                
  999606 -74.24983627998 73.183935842408 12.502497867346                
  999607 -74.24869713726 12.250616683262 73.226337315409                
  999608 60.750201023939 -67.90543399213 30.017581773325                
  999609 60.750523535542 29.733193154642 -68.03049149984                
  999610 -13.49973771023 65.294935334562 -35.33804037661                
  999611 -13.49973722934 -35.33793054836 65.294995438094                
  999612 -47.24974649117 73.232033227076 -12.21781269062                
  999613 -47.24957828982 -12.28049520516 73.221530095126                
  999614 33.750311322458 45.597641920193   -58.592330811                
  999615 33.750273451366 -58.58519158082  45.60681009182                
  999616 -67.49879724182 6.0430332252043   73.9977225066                
  999617 -67.49904601472 73.979958641016 6.2578341311716                
  999618 -53.99937371626 -6.227783883522 73.982521079801                
  999619 -53.99969119413 73.991860163005   -6.1163047752                
  999620 -60.74950752956 74.244184661701 0.0484405992038                
  999621 -60.74907957106 -0.118359920306 74.244037174643                
  999622 6.7502633213983 58.588583412514 -45.60245110092                
  999623 6.7502630969851 -45.60224615961 58.588743948157                
  999624 54.000487536422 35.288708789906 -65.32164249767                
  999625 54.000272513804 -65.24409761316 35.431807173485                
  999626 -20.24973661792 -29.82627857791 67.989696724444                
  999627 -20.24973888971 67.989948093996 -29.82570450252                
  999628 27.000269633153 -54.62205694296 50.285551417243                
  999629 27.000281684414 50.282748290058 -54.62463742055                
  999630 -26.99974107494 70.220614758952 -24.10956193582                
  999631 -26.99973217436 -24.11278105103 70.219509322679                
  999632 2.629326018E-04  -40.6087200131 62.154144097069                
  999633 2.629459694E-04 62.153983809301  -40.6089640823                
  999634 47.250279971338 -62.12826665952 40.648299954038                
  999635 47.250430381092 40.582175405004 -62.17150078604                
  999636 74.252013177211 23.778478806306 -70.33354964958                
  999637 74.249510564915 -70.02086383569  24.68332795757                
  999638 -74.24936280334 18.342794973938 71.942542626797                
  999639 -74.25086553691 71.906379461085 18.484995152414                
  999640 -33.74971417164 -18.23914970424 71.969013231062                
  999641 -33.74974273829 71.971712117067 -18.22850469722                
  999642 20.250265604701 -50.28412692019 54.623368229919                
  999643 20.250268482822 54.622632874699 -50.28492464361                
  999644 -67.49955846512 73.205991533406 12.372739506715                
  999645 -67.49903265723 12.212012126928 73.232859933862                
  999646 67.500213093418 -67.83566909572 30.174884799248                
  999647  67.50064868419 29.632443950993 -68.07446098288                
  999648 -6.749737236008 65.294911792695 -35.33808379504                
  999649 -6.749737052151 -35.33778407547 65.295074681107                
  999650 -40.49973716928 73.231352556642 -12.22189165429                
  999651 -40.49966063789 -12.24878262539 73.226852429228                
  999652 40.500360867023 45.588976311085   -58.599080877                
  999653 40.500284121332 -58.57792152465  45.61614923157                
  999654 -60.74911345792 6.0632335601185 73.996136014009                
  999655  -60.7494622732 73.985232634257 6.1956681358235                
  999656 -47.24953926002 -6.182737745657 73.986323660859                
  999657 -47.24970609519 73.990916969116 -6.127750070138                
  999658 -53.99961740328 74.244213082378 0.0203285837755                
  999659   -53.999336835  -0.07269544553   74.2441409034                
  999660 13.500264250743  58.58853183635 -45.60251743724                
  999661  13.50026360876 -45.60222532829  58.58876019894                
  999662 60.750572547186 35.229295642289 -65.35372688222                
  999663   60.7503457649  -65.1931021451 35.525551409211                
  999664 -13.49973690726 -29.82554737392 67.990017496306                
  999665 -13.49973757672 67.989917015082 -29.82577510319                
  999666 -74.25141902314 70.161974624965 24.280341803722                
  999667 -74.25037970825 24.255263814184 70.170411991211                
  999668  33.75028023724 -54.61951476971  50.28831403201                
  999669 33.750307352836 50.278793507227 -54.62828096826                
  999670 -20.24973829027 70.220570495288 -24.10969027468                
  999671 -20.24973554168  -24.1101355421 70.220418022994                
  999672 6.7502630132618 -40.60871694342 62.154146109733                
  999673 6.7502631893039 62.153981573809 -40.60896751975                
  999674  54.00030184266 -62.09562770978 40.698144464576                
  999675 54.000516168974 40.547341029037 -62.19424412977                
  999676 -67.49942165204 18.278208347376   71.9590100707                
  999677  -67.5002342456  71.93521758666 18.372185278958                
  999678 -26.99972866732 -18.23182389003  71.97087091752                
  999679 -26.99973893626 71.971622569581 -18.22885737823                
  999680 27.000271725994 -50.28347240525 54.623971353655                
  999681 27.000278288477 54.621220794116 -50.28645965017                
  999682 -74.25096951052 29.956238634903 67.932592170342                
  999683 -60.74964706934 73.218878644258  12.29632453832                
  999684 -74.25163204944 67.968115445935 29.876090742496                
  999685 -60.74923345068 12.201410243524 73.234678767569                
  999686 74.250161091932 -67.72885643812 30.413834530987                
  999687 74.250656133522 29.455915982691 -68.15105944523                
  999688 2.629370741E-04 65.294903550984  -35.3380990047                
  999689 2.629501174E-04 -35.33776147793 65.295086904399                
  999690 -33.74973649852 73.231132325804   -12.223212572                
  999691 -33.74970419801 -12.23293711798 73.229506152522                
  999692 47.250428480338   45.5691894323 -58.61448235257                
  999693 47.250295708538 -58.56035674234 45.638698760848                
  999694 -53.99933713576 6.0858716330844 73.994321012204                
  999695 -53.99961042271 73.988353289104 6.1585029980869                
  999696 -40.49963870055 -6.156218811748 73.988547949034                
  999697 -40.49972163502  73.99051984429 -6.132571238873                
  999698 -47.24967841313 74.244223679727 0.0055426305786                
  999699 -47.24950953601 -0.040283819712 74.244192459754                
  999700 20.250266975991 58.588174427343 -45.60297691576                
  999701 20.250265737914 -45.60210740956 58.588852162055                
  999702 67.500570536961 35.120633955285 -65.41220912136                
  999703 67.500585594766 -65.11143164824 35.675041516558                
  999704 -6.749737000795  -29.8253863891  67.99008810694                
  999705 -6.749737220697 67.989903080004 -29.82580679076                
  999706 -67.50066550632 70.184963956238 24.213477105022                
  999707 -67.49984528055 24.191940438299 70.192236355442                
  999708 -74.25156350295 65.336172653742 35.262308799108                
  999709 -74.24967665724 35.456747679892 65.230509755623                
  999710 40.500298162902 -54.61202633968 50.296449133517                
  999711 40.500350274769 50.268637138417 -54.63763396654                
  999712 -13.49973748827 70.220554707064 -24.10973607992                
  999713 -13.49973665793 -24.10938854062 70.220674580473                
  999714 13.500263454762 -40.60870518849 62.154153832485                
  999715 13.500263776744 62.153928579432 -40.60904869943                
  999716  60.75037687634 -62.03811395291 40.785768197059                
  999717 60.750594269584 40.480298135681  -62.2379267443                
  999718 -60.74943046638  18.24718660799 71.966910287852                
  999719 -60.74995117842 71.953548260505 18.300148416916                
  999720 -74.24742692901 40.766711314156  62.05040043142                
  999721 -74.25131391782 62.273392667681 40.426038014898                
  999722 -20.24973449183 -18.22925892238  71.97152115665                
  999723 -20.24973780213 71.971599345201 -18.22894883096                
  999724 33.750286793304 -50.28107439549 54.626180495498                
  999725 33.750298698535 54.616868416503 -50.29118971959                
  999726 -67.49996687494 29.917080231615 67.949780215134                
  999727 -53.99969217448 73.226203370654 12.252669902473                
  999728 -67.50087487467 67.971252801203  29.86863870022                
  999729 -53.99938757054 12.202881021789 73.234470342451                
  999730 -74.25062148653 58.785839649058 45.348123378438                
  999731 -74.24718847346 45.830696878097 58.409932374013                
  999732  6.750263095652 65.294899654295 -35.33810622179                
  999733 6.7502629471552  -35.3377587119 65.295088409259                
  999734  -26.9997371333 73.231071921063 -12.22357530312                
  999735 -26.99972488024  -12.2262075131 73.230632082148                
  999736 54.000494918348 45.529171155652 -58.64559119595                
  999737 54.000295819315 -58.52436902839 45.684840258028                
  999738  -47.2494985476 6.1043114709782 73.992829331543                
  999739 -47.24967945637 73.989955303142 6.1393264438061                
  999740  -74.2490607907 50.554718044586 54.372908836387                
  999741 -74.25013285596 54.878538002288 50.005581723291                
  999742  -33.7496937172 -6.142734708412 73.989674920976                
  999743 -33.74973138173 73.990381230513 -6.134256761812                
  999744 -40.49971217831 74.244227739734 -9.16130357E-04                
  999745 -40.49961976851 -0.020444750953 74.244215448787                
  999746 27.000273943271 58.586722159524 -45.60484355706                
  999747 27.000272957444 -45.60155327192 58.589284146392                
  999748 74.249726374298 34.943317479552 -65.50708324312                
  999749 74.251155235401 -64.99005233707 35.895774043936                
  999750 2.629592265E-04 -29.82536244958 67.990098604979                
  999751 2.629315148E-04 67.989897823821   -29.825818752                
  999752 -60.75021498644 70.201956640034 24.163988538221                
  999753 -60.74963109384 24.154116519477 70.205261730581                
  999754 -67.50088484617 65.307851306368 35.314475954578                
  999755 -67.49954055209 35.431905541694 65.244018416579                
  999756 47.250313660075 -54.59361886161 50.316433116631                
  999757 47.250403751056 50.246316838041 -54.65817291016                
  999758 -6.749737225721 70.220547059072  -24.1097582932                
  999759 -6.749736979374 -24.10921918302 70.220732738025                
  999760 20.250265545255 -40.60861787062  62.15421106258                
  999761 20.250265439644 62.153579275453 -40.60958354099                
  999762 67.500654032194 -61.94929639922 40.920576936156                
  999763 67.500666427368 40.363887806056 -62.31351702545                
  999764  -53.9994844235 18.232638274225 71.970622099397                
  999765 -53.99983012382 71.964255968799 18.257947385548                
  999766 -67.49892025504 40.714235188497 62.085001224898                
  999767 -67.50072573418 62.207048416709 40.527863798238                
  999768 -13.49973643825 -18.22852672518 71.971706757105                
  999769 -13.49973742911 71.971590937306 -18.22898194498                
  999770 40.500313566989 -50.27385771047 54.632826252794                
  999771 40.500332000849 54.605919334394 -50.30308389712                
  999772 -60.74971292609 29.882137987614 67.965145133714                
  999773 -47.24971540971 73.229924223203 12.230432713169                
  999774 -60.75036528427 67.978431089951 29.852115743284                
  999775 -47.24951578975 12.207696134124 73.233692457844                
  999776 -67.50040831231 58.681348852772 45.483158459036                
  999777 -67.49878082724 45.725777007943 58.492293660977                
  999778 13.500263380944 65.294846592656 -35.33820432282                
  999779 13.500263289547 -35.33775669533 65.295089539432                
  999780 -20.24973740732 73.231056278817 -12.22366930645                
  999781 -20.24973334942 -12.22383312697 73.231029202714                
  999782 60.750529515446 45.456205391851 -58.70218736937                
  999783  60.75026540768 -58.46089383164 45.766036394273                
  999784 -40.49960937512 6.1164401908699 73.991843463319                
  999785 -40.49971374197 73.990655702678 6.1309249945736                
  999786 -67.49925240578 50.417048598893 54.500660461458                
  999787 -67.49990363935 54.745111327102 50.151596629948                
  999788 -26.99972073513 -6.136938140187 73.990158603034                
  999789 -26.99973572864  73.99034080093 -6.134749498577                
  999790 -33.74972852637 74.244229295319  -0.00326115073                
  999791 -33.74968393624  -0.01010235089 74.244224985788                
  999792 33.750288371982 58.582294868878 -45.61053278587                
  999793 33.750291406006 -45.59948843749 58.590893208101                
  999794 6.7502629445533 -29.82536315396 67.990098303955                
  999795 6.7502630406564 67.989892926504 -29.82582992879                
  999796 -53.99996431402 70.212825338299 24.132300927082                
  999797 -53.99959540402 24.130660053468 70.213339043503                
  999798 -60.75039047646 65.297739234526 35.333013273248                
  999799 -60.74961863415 35.397940221252 65.262467730825                
  999800 54.000289428153 -54.55501631865  50.35828744004                
  999801 54.000440658266 50.203162564995 -54.69782818819                
  999802 2.629275838E-04 70.220543886397 -24.10976751543                
  999803 2.629346971E-04 -24.10919040694  70.22074261682                
  999804 27.000272851711  -40.6082053414 62.154481240239                
  999805 27.000269618978 62.152184124223 -40.61171937309                
  999806 74.251676066975 -61.82805790586 41.103657428424                
  999807 74.250916854797 40.183573081502 -62.42998999168                
  999808 -47.24956264449 18.226192022692 71.972273671974                
  999809 -47.24977471355  71.96978249724 18.236130681672                
  999810 -60.74945779396 40.670377944454 62.113795141543                
  999811 -60.75030034928 62.175353363896 40.576355439644                
  999812 -6.749736951633 -18.22835650188 71.971749901956                
  999813 -6.749737233641 71.971586679265 -18.22899872122                
  999814 47.250341466866 -50.25556542824 54.649659966263                
  999815 47.250371744757 54.582488233874 -50.32851708202                
  999816 -53.99967170112 29.855724071237 67.976756941276                
  999817  -40.4997279639 73.231552239569 12.220690970898                
  999818 -54.00004972645 67.984950265891  29.83716928887                
  999819 -40.49961369582 12.211960501645 73.232996410096                
  999820 -60.75011158587 58.628453575212  45.55125333505                
  999821 -60.74942017582 45.665404373015 58.539508238172                
  999822 20.250264078998 65.294524524482 -35.33879953537                
  999823  20.25026507275 -35.33770906547  65.29511546854                
  999824 -13.49973737203 73.231051046951 -12.22370070888                
  999825 -13.49973620278 -12.22314796455   73.2311437908                
  999826 67.500551321654 45.334558584915 -58.79620586346                
  999827 67.500207899423 -58.36421226604 45.889257641877                
  999828 -33.74967760155  6.123036907638 73.991305960577                
  999829  -33.7497292904 73.990912588477 6.1278424356361                
  999830 -60.74957933185 50.346119278336 54.566229244559                
  999831 -60.74984949742 54.677195923282 50.225618695003                
  999832 -20.24973205664 -6.134872312709 73.990330899591                
  999833 -20.24973708493  73.99033031532 -6.134877506651                
  999834 -26.99973496668 74.244229835959 -0.003967337076                
  999835  -26.9997166562 -0.005579076525  74.24422870305                
  999836 40.500312217197 58.571302683692 -45.62465214807                
  999837 40.500327089762 -45.59306386729  58.59589740465                
  999838 13.500263177141 -29.82537085952 67.990094954709                
  999839 13.500263088076 67.989843442022 -29.82594276266                
  999840 -47.24983460448 70.218747050362 24.115024434199                
  999841 -47.24962663012 24.116817597041 70.218106376055                
  999842 -54.00006934297 65.295739205245 35.336623316343                
  999843 -53.99968694467 35.370567149237 65.277315656578                
  999844 60.750132729329   -54.484740899 50.434301988688                
  999845 60.750401270085 50.128298810894 -54.76645937566                
  999846 6.7502630153745 70.220539065661 -24.10978155889                
  999847 6.7502629538163 -24.10919461101 70.220741178398                
  999848 33.750292395207 -40.60660616883   62.1555279759                
  999849 33.750278304457 62.147967788357 -40.61817275421                
  999850 -40.49963532046 18.223602153996 71.972941682133                
  999851 -40.49975071383 71.972232016935  18.22645339635                
  999852 -53.99966627585 40.640621648388 62.133286397621                
  999853 -54.00002643808 62.162389274205 40.596149032615                
  999854 2.629559826E-04 -18.22832651881 71.971757500568                
  999855 2.629238523E-04 71.971584781483 -18.22900619997                
  999856 54.000324756708 -50.21557978359 54.686409461229                
  999857 54.000394196136 54.538675894798 -50.37600330621                
  999858 -47.24968569465 29.838470373665 67.984337904328                
  999859 -33.74973404974 73.232152574037 12.217097313319                
  999860 -47.24987477959 67.989176468823 29.827491732212                
  999861 -33.74967803618 12.214612720205 73.232562046385                
  999862 -53.99993612431 58.604651983469 45.581833525108                
  999863 -53.99966577216 45.632084524981 58.565506221938                
  999864 27.000265720193 65.293262632039 -35.34113126896                
  999865 27.000271432757 -35.33744727966 65.295257682901                
  999866 -6.749737228627 73.231048536882 -12.22371574608                
  999867 -6.749736936234 -12.22298512292  73.23117102355                
  999868 74.250990582015 45.145071917971 -58.94186593655                
  999869 74.250305667192 -58.24098626025 46.045544999882                
  999870 -26.99971374769 6.1260051548503 73.991063899069                
  999871 -26.99973517151 73.990990768425 6.1269047967653                
  999872 -53.99972101254 50.311232678842  54.59840788259                
  999873 -53.99982282283 54.645432989148 50.260163757762                
  999874 -13.49973592298 -6.134268555424 73.990381258267                
  999875 -13.49973730542  73.99032722948  -6.13491508558                
  999876 -20.24973688625  74.24422999372 -0.004149573493                
  999877 -20.24973072265 -0.003943278218 74.244230020656                
  999878 47.250343305944 58.548156228974 -45.65435858412                
  999879  47.25037598797 -45.57605409398 58.609137343094                
  999880   20.2502644828 -29.82535712346 67.990101088446                
  999881 20.250262945507 67.989564275778 -29.82657913217                
  999882 -40.49977386797 70.221470563195 24.107076049446                
  999883 -40.49966988527 24.109409192625 70.220658519033                
  999884 -47.24988573458 65.296267482045 35.335605208097                
  999885 -47.24972260555 35.352591313425 65.287055999465                
  999886 67.499626050268 -54.37263477089 50.555087320754                
  999887 67.500158132274 50.009731462721 -54.87474460123                
  999888  13.50026286532 70.220497247438 -24.10990333678                
  999889 13.500263139529 -24.10921113088 70.220735527617                
  999890 40.500333879976 -40.60138002212  62.15894679551                
  999891 40.500293306636 62.137579553769 -40.63406567738                
  999892 -33.74968714796 18.222702555732 71.973176202382                
  999893 -33.74974148358 71.973146594539 18.222839198856                
  999894 -47.24973725168  40.62296061608 62.144838386702                
  999895  -47.2498690431 62.157999197394 40.602838458716                
  999896 6.7502629770544 -18.22833053104 71.971756488125                
  999897 6.7502629878678 71.971580934656  -18.2290213726                
  999898 60.750147336001 -50.13852108111 54.757060415272                
  999899 60.750341435538 54.465845973697 -50.45474533967                
  999900  -40.4997070142 29.828677818651 67.988638981087                
  999901 -26.99973643277  73.23233641322 12.215996903934                
  999902 -40.49978975643 67.991336294788 29.822548662867                
  999903 -26.99971349616 12.215906156556 73.232349951838                
  999904 -47.24983398622 58.595263056066 45.593882338747                
  999905 -47.24974486177  45.61499879096 58.578818313324                
  999906 33.750268949121 65.289477531066 -35.34812390028                
  999907  33.75028941678 -35.33634327248 65.295856804812                
  999908 2.629205495E-04  73.23104739496 -12.22372257678                
  999909 2.629717269E-04 -12.22295527366 73.231176015486                
  999910 -20.24972971706 6.1271050782255 73.990974209082                
  999911 -20.24973688109 73.991010815008   6.12666456505                
  999912 -47.24976191183 50.295330859071 54.613056450309                
  999913 -47.24979387909 54.632024746237 50.274729364434                
  999914  -6.74973691581 -6.134121597072 73.990393516319                
  999915 -6.749737206104 73.990325933906 -6.134930772104                
  999916 -13.49973722991 74.244230030334 -0.004197738432                
  999917 -13.49973562235 -0.003456820454 74.244230423849                
  999918 54.000374602163 58.505713373969 -45.70874619286                
  999919 54.000406983707 -45.53682498365  58.63963357226                
  999920 27.000269299239 -29.82522209732 67.990160697494                
  999921 27.000262242035 67.988490506591 -29.82902649989                
  999922 -33.74974903137 70.222517708158 24.104019722488                
  999923 -33.74970359828 24.105926558182 70.221858781422                
  999924 -40.49979465468 65.297040739841 35.334158268766                
  999925 -40.49973597871 35.342453087135 65.292545680515                
  999926 74.248117429567 -54.21742643367 50.721324841191                
  999927  74.24930414449 49.832807613594 -55.03539271838                
  999928 20.250261956531 70.220272852707 -24.11055669132                
  999929 20.250263976609 -24.10922503791 70.220730818053                
  999930 47.250404282386  -40.5867535098 62.168508199907                
  999931 47.250316786281  62.11587122935 -40.66724745713                
  999932  -26.9997168706 18.222453814329 71.973242349978                
  999933 -26.99973839754 71.973430226021 18.221718324984                
  999934 -40.49975203096 40.613668649379 62.150910722201                
  999935 -40.49978959491 62.156854500415 40.604576668612                
  999936 13.500263110344 -18.22835519523 71.971750251428                
  999937 13.500262644083 71.971549713602  -18.2291445327                
  999938 67.499549815478 -50.00480919111 54.879138004252                
  999939 67.500048817191 54.357441595596 -50.57150108549                
  999940 -33.74972278983 29.823885305271 67.990743589924                
  999941 -20.24973710225 73.232383547672 12.215714838781                
  999942 -33.74975424964 67.992230982821 29.820501705121                
  999943 -20.24972955594 12.216418486365 73.232265906821                
  999944  -40.4997790616 58.592074528176 45.597970274774                
  999945 -40.49975828592 45.606983251136 58.585057577509                
  999946 40.500274474084 65.280194140719 -35.36526608397                
  999947 40.500331262718 -35.33247408104  65.29795491488                
  999948 6.7502629372227 73.231044962887  -12.2237370963                
  999949 6.7502630178914 -12.22296258452 73.231174798033                
  999950 -13.49973538257  6.127443043548  73.99094666175                
  999951 -13.49973718766 73.991015778135 6.1266050617955                
  999952 -40.49976193332 50.288715020298 54.619145647285                
  999953  -40.4997686016 54.626982750947 50.280202281505                
  999954 2.629724100E-04 -6.134093741545 73.990395839663                
  999955 2.629137650E-04 73.990325379662 -6.134937443221                
  999956 -6.749737179696  74.24423003641 -0.004215048014                
  999957 -6.749736883307 -0.003334523528 74.244230525649                
  999958  60.75039907626  58.43681847676 -45.79680436541                
  999959 60.750343976176 -45.45622084504 58.702145242752                
  999960 33.750283783757 -29.82454463976 67.990459081213                
  999961 33.750260059949 67.985291638648 -29.83631582248                
  999962 -26.99974038387 70.222851212373 24.103046320969                
  999963  -26.9997235366 24.104530973724 70.222340065831                
  999964 -33.74975603161 65.297495853217 35.333310495617                
  999965 -33.74973903083 35.337524194858 65.295213504317                
  999966 27.000259004336 70.219422445676 -24.11303250762                
  999967 27.000267168117 -24.10917669071 70.220747640355                
  999968 54.000500649756 -40.55096714745 62.191873885639                
  999969 54.000357906593 62.076312569318 -40.72761391083                
  999970 -20.24973063116 18.222414951791 71.973253443191                
  999971 -20.24973747875 71.973503680317 18.221428068651                
  999972 -33.74974876577  40.60935556862 62.153727712986                
  999973 -33.74975498325 62.156669249898 40.604854779281                
  999974 20.250263610819 -18.22838391162  71.97174300637                
  999975 20.250260962685 71.971386857345 -18.22978698592                
  999976 74.247983971614 -49.79035192601 55.073597625309                
  999977 74.248863542774 54.214529249158 -50.72457276374                
  999978 -26.99973168498 29.821896228257 67.991617090418                
  999979 -13.49973718106 73.232394823524 12.215647361582                
  999980 -26.99974175243 67.992533510402  29.81980970125                
  999981 -13.49973534586 12.216590230707 73.232237714968                
  999982 -33.74975292151 58.591157445459 45.599144624639                
  999983 -33.74975213737 45.603580706608 58.587704300647                
  999984 47.250284733172 65.260848473497 -35.40095363239                
  999985 47.250414477399 -35.32089859742  65.30422697931                
  999986 13.500262356107 73.231025498417 -12.22385342185                
  999987 13.500263127538 -12.22298825003 73.231170516082                
  999988 -6.749736852324 6.1275331744637 73.990939311509                
  999989 -6.749737153346 73.991017349977 6.1265861523176                
  999990 -33.74975201565 50.286216748625 54.621443425661                
  999991 -33.74975173481 54.625300925642 50.282026491126                
  999992 6.7502630676423 -6.134101504419 73.990395197678                
  999993 6.7502628505955 73.990324327781  -6.13494997446                
  999994 2.629023627E-04  74.24423003466 -0.004221659351                
  999995 2.629834550E-04 -0.003309723977  74.24423054557                
  999996 67.500428547055 58.337627650076 -45.92310401974                
  999997 67.500063109234 -45.30532204503 58.818666901765                
  999998 40.500320745396 -29.82191796751  67.99161465422                
  999999 40.500254701072 67.977474919312 -29.85411862494                
 1000000 -20.24973786206 70.222939824834 24.102787702884                
 1000001 -20.24973288317 24.104073316432  70.22249805445                
 1000002  -26.9997422591 65.297683012625  35.33296246171                
 1000003 -26.99973885811 35.335475798856  65.29632198679                
 1000004 33.750251340976 70.216904942475 -24.12036001645                
 1000005 33.750277475303 -24.10879973178 70.220877823055                
 1000006 60.750611867242 -40.47303597238  62.24264257574                
 1000007 60.750456711786 62.012141027132 -40.82527133127                
 1000008 -13.49973564206 18.222427405844 71.973250703074                
 1000009 -13.49973720699 71.973521086038 18.221359296741                
 1000010 -26.99974324879 40.607611946482 62.154866096012                
 1000011 -26.99974219243 62.156674639999 40.604844682425                
 1000012 27.000265455229 -18.22838125946 71.971743778292                
 1000013 27.000255714302  71.97077574493 -18.23219764689                
 1000014 -20.24973571439 29.821213949222  67.99191676593                
 1000015 -6.749737128496 73.232398060422 12.215627974402                
 1000016 -20.24973811723 67.992618339626 29.819615695779                
 1000017 -6.749736860528 12.216643147169  73.23222900838                
 1000018 -26.99974218484 58.590933026279  45.59943145505                
 1000019 -26.99974456962 45.602287507955 58.588709710136                
 1000020 54.000311321748 65.225558674337 -35.46593439771                
 1000021  54.00056410285  -35.2908413234 65.320495131361                
 1000022 20.250259795825 73.230924911967 -12.22445479838                
 1000023  20.25026339364 -12.22302225186 73.231164842321                
 1000024 2.629973743E-04 6.1275520667016 73.990937769794                
 1000025 2.628909034E-04 73.991017874502 6.1265797922737                
 1000026 -26.99974390702 50.285357752324 54.622232960485                
 1000027  -26.9997427817 54.624795813292 50.282573889257                
 1000028 13.500263189795 -6.134127681237 73.990393024324                
 1000029 13.500261965015 73.990315848366 -6.135051415106                
 1000030 6.7502627450897 74.244230017054 -0.004230910058                
 1000031 6.7502631083709 -0.003318083413 74.244230546009                
 1000032 74.250623394254 58.215353178478 -46.07803965312                
 1000033 74.249530327333 -45.04077026637 59.021420744091                
 1000034 47.250404012259 -29.81344618726 67.995338455764                
 1000035 47.250244424483  67.96121968648 -29.89109919148                
 1000036 -13.49973724012 70.222961220553 24.102725269429                
 1000037 -13.49973627086 24.103960681692 70.222537019936                
 1000038 -20.24973821351  65.29774287764 35.332851233768                
 1000039 -20.24973824125 35.334763358786 65.296707493187                
 1000040 40.500234152252 70.210780551247 -24.13817503405                
 1000041 40.500306427643 -24.10712212468  70.22145613655                
 1000042 67.500749225624  -40.3194656264 62.342262572086                
 1000043 67.500759674609 61.918273297439 -40.96754101439                
 1000044 -6.749736930865 18.222443353017 71.973246777677                
 1000045 -6.749737112083 71.973525951266 18.221340072426                
 1000046 -20.24973975765 40.607007763611 62.155260465951                
 1000047 -20.24973826259 62.156689717122 40.604821053556                
 1000048 33.750271882966 -18.22817331917 71.971796834936                
 1000049 33.750242432018 71.968977558744 -18.23928906174                
 1000050 -13.49973707019 29.821029037823 67.991998021099                
 1000051 2.628856499E-04 73.232399017719  12.21562221865                
 1000052 -13.49973725815  67.99263983307 29.819566554146                
 1000053 2.630034815E-04 12.216656061919 73.232226878538                
 1000054 -20.24973845834 58.590882565164 45.599495776768                
 1000055 -20.24974009832  45.60185124954 58.589048751724                
 1000056 60.750394500931 65.167705989338 -35.57213361206                
 1000057 60.750826296479 -35.22226655744 65.357535146704                
 1000058 27.000252018195 73.230549713218 -12.22669815787                
 1000059 27.000264187796 -12.22303184652 73.231163252268                
 1000060 6.7502631476311 6.1275449586489 73.990938358924                
 1000061 6.7502626435762 73.991018257674 6.1265749208976                
 1000062 -20.24973963393 50.285085290162 54.622483243898                
 1000063  -20.2497389467 54.624652606581 50.282728940511                
 1000064 20.250263258439  -6.13415934421 73.990390382644                
 1000065 20.250258367732 73.990271835369 -6.135578843174                
 1000066 13.500261516549 74.244229923378 -0.004309892312                
 1000067 13.500263240562 -0.003342685156 74.244230537428                
 1000068 54.000576808234  -29.7902319666 68.005531935885                
 1000069 54.000230692752 67.931548064376 -29.95846068079                
 1000070  -6.74973710349 70.222967124284 24.102708047431                
 1000071 -6.749737074492 24.103945639236 70.222542269937                
 1000072 -13.49973726268 65.297759576484 35.332820227068                
 1000073 -13.49973777415 35.334561530955 65.296816713056                
 1000074 47.250199703533 70.198099997808 -24.17501300818                
 1000075 47.250378588655 -24.10129768289 70.223461983476                
 1000076 74.250563410889 -40.04131191169 62.521291275598                
 1000077  74.25179564788 61.793870297328 -41.15508969764                
 1000078 2.629987232E-04 18.222449854535 71.973245155076                
 1000079 2.628876667E-04 71.973527218012 18.221335056087                
 1000080 -13.49973815945  40.60683097815 62.155375850352                
 1000081 -13.49973728636 62.156695631794  40.60481184874                
 1000082 40.500291930176  -18.2271016806  71.97206964466                
 1000083 40.500213275565 71.964629381828 -18.25642416545                
 1000084 -6.749737255596 29.820993468651 67.992013671349                
 1000085 6.7502625887321 73.232399082608 12.215621702632                
 1000086  -6.74973709461 67.992646022976 29.819552410473                
 1000087 6.7502631864562 12.216649337513 73.232228000507                
 1000088 -13.49973739036 58.590870114828 45.599511613648                
 1000089 -13.49973816938 45.601720779591 58.589150126848                
 1000090 67.500638026763 65.080286074136  -35.7318520805                
 1000091 67.501298520826 -35.08323753291 65.432336930373                
 1000092 33.750232812893 73.229452298705  -12.2332577606                
 1000093 33.750267341391 -12.22288271542 73.231188253811                
 1000094 13.500263291811 6.1275239713908 73.990940086815                
 1000095 13.500261139946 73.991022291479 6.1265249331133                
 1000096 -13.49973792136  50.28500372399 54.622558144387                
 1000097 -13.49973761549 54.624611431172 50.282773494343                
 1000098 27.000263223205 -6.134155715314 73.990390630394                
 1000099  27.00024776702 73.990108210773 -6.137540690505                
 1000100 20.250256837372 74.244229540598 -0.004728401708                
 1000101 20.250263177766 -0.003366210382 74.244230507142                
 1000102 60.750921002493  -29.7356588805  68.02945365399                
 1000103 60.750223305777 67.882584676993 -30.06922518749                
 1000104 2.629022925E-04 70.222968581361 24.102703792224                
 1000105 2.629836510E-04 24.103946344565 70.222542046943                
 1000106 -6.749737086841 65.297764639844 35.332810833961                
 1000107 -6.749737407132  35.33451713443 65.296840748137                
 1000108 54.000136507533 70.175057323318 -24.24178997479                
 1000109 54.000540968034 -24.08471418621 70.229167852453                
 1000110 6.7502632154064 18.222444529353 71.973246502412                
 1000111  6.750262607793  71.97352618298 18.221339069888                
 1000112 -6.749737471305 40.606788007528    62.155403901                
 1000113 -6.749737093295 62.156697749242 40.604808566078                
 1000114 47.250346244002 -18.22321016146  71.97305945893                
 1000115 47.250155414612 71.955697028897 -18.29156841972                
 1000116 2.629619309E-04 29.820989681918 67.992015344505                
 1000117   13.5002609944 73.232401895474  12.21560418032                
 1000118 2.629214863E-04 67.992647388653 29.819549288499                
 1000119 13.500263355013  12.21663268148 73.232230767918                
 1000120  -6.74973713155 58.590866576707 45.599516112048                
 1000121 74.251203032094 64.954601128659 -35.95991687339                
 1000122 -6.749737432369 45.601686170468 58.589177020111                
 1000123 74.251990458544 -34.83008072481 65.567557440209                
 1000124 40.500191912237 73.226819344823 -12.24898069077                
 1000125 40.500278879154 -12.22210286234 73.231319024343                
 1000126 20.250263171862 6.1275118962412 73.990941051368                
 1000127 20.250255630366 73.991044940213 6.1262463369699                
 1000128 -6.749737326709 50.284980518897 54.622579453472                
 1000129 -6.749737211643 54.624599286381 50.282786634798                
 1000130 33.750263659657 -6.133977955117  73.99040526367                
 1000131 33.750222336911 73.989632536883 -6.143242228444                
 1000132 27.000243418715 74.244228272339 -0.006286474685                
 1000133 27.000262520119 -0.003330054413 74.244230411526                
 1000134 67.501595244438 -29.62472029784  68.07792247998                
 1000135 67.500231052508 67.807345798579 -30.23848718912                
 1000136 6.7502627030926 70.222966166685 24.102710789673                
 1000137 6.7502632500472 24.103942720406 70.222543288601                
 1000138 2.629411069E-04 65.297765792205 35.332808697006                
 1000139 2.629402774E-04 35.334510534803 65.296844324039                
 1000140 60.750026571452 70.137192153139 -24.35106948674                
 1000141 60.750877831655 -24.04550387712 70.242640228644                
 1000142 13.500263443257  18.22243311697 71.973249380243                
 1000143 13.500261192415 71.973522827435 18.221351938177                
 1000144 2.629270859E-04 40.606780498387 62.155408804279                
 1000145 2.629570946E-04 62.156698208999 40.604807854268                
 1000146 54.000472798254  -18.2120470275 71.975896818053                
 1000147 54.000048509816 71.939642112556 -18.35454910154                
 1000148 6.7502632809178 29.820988316775 67.992015939349                
 1000149 20.250255298409 73.232421877725 12.215481775485                
 1000150 6.7502628369402 67.992643813861 29.819557428478                
 1000151 20.250263297045   12.2166340837 73.232230500417                
 1000152 2.629581822E-04 58.590865746374 45.599517169326                
 1000153 2.629264071E-04   45.6016793974 58.589182284002                
 1000154 47.250113571845 73.221471780004 -12.28084679314                
 1000155  47.25031314375 -12.21937283744 73.231776962644                
 1000156 27.000262232201 6.1275914906378 73.990934344331                
 1000157 27.000240186659 73.991130204068 6.1252003429105                
 1000158 2.629357477E-04 50.284975589737 54.622583980637                
 1000159 2.629481921E-04 54.624596560045 50.282789585619                
 1000160 40.500267682338  -6.13322047963 73.990468027545                
 1000161 40.500170228227 73.988501829594 -6.156774329952                
 1000162 33.750212178512  74.24422466266 -0.010787139586                
 1000163 33.750260888522 -0.003055370329 74.244230168246                
 1000164 74.253244359483 -29.42793115679 68.163404594451                
 1000165 74.250169550224 67.696339569732 -30.48615417172                
 1000166 13.500261715181 70.222953935392 24.102746227059                
 1000167 13.500263553301 24.103937478725 70.222545076235                
 1000168 6.7502629644117 65.297761760099 35.332816155187                
 1000169  6.750263292532 35.334511558427 65.296843765656                
 1000170 67.499832376164 70.079258360412 -24.51719584275                
 1000171 67.501545608913 -23.96854034608  70.26902006994                
 1000172 20.250263587212 18.222446298645 71.973246019085                
 1000173 20.250256214229  71.97351617604 18.221376683985                
 1000174 6.7502632720529 40.606783378906 62.155406919549                
 1000175 6.7502630557343 62.156694801637 40.604813085725                
 1000176 60.750726258136 -18.18632228262 71.982428774411                
 1000177 60.749861153622 71.913653907013 -18.45599456256                
 1000178 13.500263660816 29.820989726904 67.992015310092                
 1000179 27.000239621965 73.232500513262 12.215002102358                
 1000180 13.500262405831 67.992623638715  29.81960336768                
 1000181 27.000262577923 12.216757115609 73.232209877731                
 1000182 6.7502631033475 58.590864189891 45.599519186387                
 1000183 6.7502632237064 45.601682891639 58.589179565707                
 1000184 53.999974168881 73.212021666838 -12.33694069399                
 1000185 54.000393303646 -12.21189548276 73.233031167359                
 1000186 33.750259618997 6.1280046265661 73.990899810977                
 1000187 33.750205202059 73.991375464905 6.1221944381422                
 1000188 6.7502631702543  50.28497820342 54.622581581973                
 1000189  6.750263133466 54.624597194802 50.282788909545                
 1000190 47.250283330466 -6.130917232912 73.990659541416                
 1000191 47.250075187806 73.986237544934 -6.183777163575                
 1000192 40.500150727966 74.244215284415 -0.021344877642                
 1000193 40.500259152126 -0.002098790226 74.244229707722                
 1000194 20.250258279803 70.222907271282 24.102881388441                
 1000195  20.25026398731 24.103959722577 70.222537431744                
 1000196  13.50026304338 65.297737908623 35.332860259133                
 1000197 13.500263722502 35.334519317234 65.296839559852                
 1000198  74.24947009626 69.994582792967 -24.75772248844                
 1000199 74.252986266374 -23.84508643959 70.311181640133                
 1000200 27.000263617488 18.222598698452  71.97320738975                
 1000201 27.000242694698 71.973502018663 18.221427814372                
 1000202 13.500263715563  40.60679506269 62.155399288346                
 1000203 13.500263460062 62.156673239463 40.604846160415                
 1000204 67.501160250651 -18.13966585058   71.9942573454                
 1000205  67.49954664604  71.87468630267  -18.6069678246                
 1000206 20.250264382918 29.821017794208 67.992003007118                
 1000207 33.750204913145 73.232726360742  12.21362659889                
 1000208 20.250260901665 67.992539833264 29.819794182942                
 1000209 33.750260570223 12.217304270419 73.232118340964                
 1000210 13.500263627847 58.590850090848  45.59953737873                
 1000211 13.500263666838 45.601694120504  58.58917084429                
 1000212 60.749739502779 73.197095437274  -12.4249791518                
 1000213 60.750537160309 -12.19568647148 73.235748369428                
 1000214 40.500255123811 6.1292994211036 73.990791866431                
 1000215 40.500139014075 73.991942136298 6.1152467590676                
 1000216 13.500263635081 50.284983832194 54.622576440794                
 1000217 13.500263643982 54.624593391893 50.282793104023                
 1000218  54.00032017508 -6.125273522977 73.991129585298                
 1000219  53.99991502268 73.982322448138 -6.230164262286                
 1000220 47.250044594572  74.24419218548 -0.041999070394                
 1000221 47.250260835786 4.107816876E-04 74.244229101958                
 1000222 27.000249011537 70.222752227919  24.10333060314                
 1000223 27.000265117605 24.104117876678 70.222483180611                
 1000224 20.250263273952  65.29763447018 35.333051478547                
 1000225 20.250264649859 35.334549347812 65.296823335001                
 1000226 33.750263899777 18.223221680207 71.973049594554                
 1000227 33.750213300266  71.97346473825 18.221562754782                
 1000228 20.250264758942 40.606821310527 62.155382191606                
 1000229 20.250264784465 62.156574008692  40.60499827532                
 1000230 74.251850598554 -18.08016766696 72.009328378308                
 1000231 74.249042334115 71.819204348636 -18.81963682546                
 1000232  27.00026660028 29.821156192567 67.991942426601                
 1000233 40.500141592051 73.233234127041 12.210534760865                
 1000234 27.000256768223 67.992252527329 29.820448374442                
 1000235 40.500257499222 12.218936037771 73.231845560621                
 1000236 20.250265329823 58.590774992691 45.599634119161                
 1000237  20.25026481715 45.601707797671 58.589160289303                
 1000238 67.499364349442 73.175449349277 -12.55146463109                
 1000239  67.50070650586 -12.16919025037 73.240185048996                
 1000240   47.2502507093 6.1324243986252 73.990531750722                
 1000241 47.250031040067 73.993017499957 6.1020356898948                
 1000242 20.250264977982 50.284974261886 54.622585396939                
 1000243 20.250265244051 54.624551817815  50.28283847573                
 1000244 60.750369115035 -6.114059511801 73.992063089596                
 1000245 60.749658838736 73.976341351759 -6.300301558916                
 1000246  53.99987677135 74.244138893014  -0.07631415925                
 1000247 54.000267307377 0.0058500816555 74.244228415279                
 1000248 33.750229014031 70.222317162019 24.104591689935                
 1000249 33.750268785825 24.104716247462 70.222278012859                
 1000250 27.000263622704 65.297273030537 35.333719534115                
 1000251 27.000267628843 35.334647629766 65.296770346233                
 1000252 40.500266545666 18.225013701733 71.972595861505                
 1000253 40.500161413779 71.973351636765 18.221982985786                
 1000254 27.000268070369 40.606865272561 62.155353730708                
 1000255 27.000267942882 62.156215793991 40.605547178423                
 1000256 33.750273639192 29.821621724818 67.991738777858                
 1000257 47.250044543005   73.2341364213 12.205033575897                
 1000258 33.750247486226 67.991441937517 29.822294124052                
 1000259 47.250256856043 12.222701714169 73.231216372976                
 1000260 27.000269509248 58.590481492847 45.600011897788                
 1000261 27.000268255364 45.601685063004  58.58917831913                
 1000262 74.248797494509 73.145883046791 -12.72203848682                
 1000263 74.250459750969 -12.14248664283 73.244643497343                
 1000264 54.000247668048 6.1386837318257 73.990011084955                
 1000265 53.999872643854 73.994702735185 6.0812422554971                
 1000266  27.00026865757 50.284870307263 54.622681538866                
 1000267 27.000269315344 54.624352983314 50.283055053501                
 1000268  67.50037513202 -6.097067045301 73.993473524883                
 1000269 67.499265599878 73.968081098884 -6.395756264155                
 1000270 60.749623610702 74.244028622238 -0.125355294882                
 1000271 60.750252802103 0.0159596424719 74.244225998631                
 1000272 40.500194383809 70.221280081044 24.107599065195                
 1000273 40.500279909511 24.106354680436 70.221716436904                
 1000274  33.75026324063 65.296239843542 35.335628865038                
 1000275 33.750276900158 35.334900808145 65.296634120106                
 1000276 47.250278686711 18.228982081431 71.971591466022                
 1000277 47.250087450492 71.973003224466 18.223310694047                
 1000278  33.75027794982 40.606871170356 62.155350805242                
 1000279 33.750272896424 62.155158407627 40.607166875314                
 1000280 40.500293171698 29.822763839073  67.99123957078                
 1000281 53.999916292772 73.235344380802 12.197636780638                
 1000282  40.50023035158 67.989527532362 29.826653076146                
 1000283 54.000267312046 12.229833232301 73.230025271638                
 1000284 33.750276588747 58.589558354449 45.601199422869                
 1000285  33.75027748276 45.601445806774  58.58936555711                
 1000286 60.750225405957 6.1499196812092 73.989075235002                
 1000287 60.749650905703 73.996845763671 6.0545896766996                
 1000288 33.750276916872 50.284393016175 54.623122056352                
 1000289 33.750276989798 54.623642165709  50.28382853927                
 1000290  74.25048322586 -6.081714758622 73.994750238304                
 1000291 74.248687486874 73.957526746231 -6.515427368416                
 1000292 67.499248764792 74.243831495841 -0.186072603988                
 1000293 67.500105454184 0.0321402838696 74.244213042527                
 1000294 47.250148272043 70.219130124955 24.113836185439                
 1000295 47.250309927746 24.109728451992 70.220560807014                
 1000296 40.500258784203 65.293767781972 35.340196079393                
 1000297 40.500301745575 35.335301985659 65.296419433636                
 1000298 54.000318377592 18.235969831997 71.969824008694                
 1000299 54.000005923964 71.971994749437 18.227217832502                
 1000300 40.500303206216 40.606461327678 62.155621255484                
 1000301 40.500275021128 62.152527494266 40.611195214763                
 1000302 47.250340284696 29.824669856759 67.990408274558                
 1000303 60.749760660724 73.236266545831 12.191879689846                
 1000304 47.250205652934 67.985663804696   29.8354489184                
 1000305 60.750298822749 12.241914211488 73.228007893099                
 1000306 40.500281925262 58.587075669995 45.604391285977                
 1000307 40.500298556439  45.60030702083 58.590254516632                
 1000308   67.5000638867 6.1701092556866 73.987383780554                
 1000309 67.499334307065 73.998883569258 6.0288350409354                
 1000310 40.500291576078 50.282677609228 54.624703591764                
 1000311 40.500285959804 54.621484548655 50.286174585993                
 1000312 74.248701226196 74.243532375369 -0.251045932938                
 1000313 74.249525831086 0.0512733046753  74.24416489981                
 1000314 54.000111538945 70.215137998511 24.125422545996                
 1000315 54.000383270087 24.114815799508 70.218821047226                
 1000316 47.250242523126 65.288703060354 35.349549407434                
 1000317 47.250358933068 35.335134274146 65.296516489229                
 1000318 60.750425213129 18.246315058715 71.967210916571                
 1000319 60.749946887372 71.969322308788   18.2376672548                
 1000320 47.250358815074 40.604110176559 62.157163925282                
 1000321 47.250258408078 62.146830769752 40.619912657403                
 1000322 54.000441962768 29.826005655319 67.989833798786                
 1000323 67.499557177452 73.235414575524 12.196686076731                
 1000324 54.000185889455 67.978883758286 29.850878820344                
 1000325 67.500356343296 12.263579575913 73.224387621911                
 1000326 47.250267399137 58.581155206651 45.611997641098                
 1000327 47.250340140194 45.596156490287 58.593490521627                
 1000328  74.24909869317 6.2107688517859 73.983924466157                
 1000329 74.248859846647 73.999764773526 6.0168060390396                
 1000330 47.250311095523 50.277379175104 54.629584697908                
 1000331 47.250283976358 54.615658891265 50.292504401838                
 1000332 60.750140234062 70.208268939526 24.145368126671                
 1000333 60.750549588069 24.119789340777  70.21713048849                
 1000334 54.000202718382 65.279699673169 35.366165336992                
 1000335 54.000475039239 35.331500130347 65.298497425624                
 1000336  67.50069028483 18.261626276157  71.96335220256                
 1000337 67.499933409262 71.962797824341 18.263282299224                
 1000338 54.000467284111 40.595450725864 62.162834618398                
 1000339 54.000185576541 62.135911596115 40.636606873218                
 1000340 60.750644308053 29.822269881852 67.991497752658                
 1000341 74.249219560157 73.229974207552 12.228860534244                
 1000342 60.750221067296 67.968465252986 29.874579740768                
 1000343 74.250664359618 12.312291772046 73.216232665469                
 1000344 54.000187406061 58.568381157856 45.628393822128                
 1000345 54.000414052644 45.583660363857 58.603224415838                
 1000346  54.00032769922  50.26303357349 54.642790029004                
 1000347 54.000239469168 54.601454564749 50.307924842345                
 1000348 67.500349974147 70.196793732882 24.178702301403                
 1000349 67.500902598837 24.121170661794  70.21669652474                
 1000350 60.750131675673 65.265906308103 35.391595792598                
 1000351 60.750688975971 35.317139912199  65.30629524185                
 1000352 74.251286384837   18.2906862642 71.956033526191                
 1000353 74.249874363057 71.947841335276 18.321988104798                
 1000354 60.750660807564  40.57083349426  62.17893331105                
 1000355 60.749977781354 62.117321421736 40.664989645752                
 1000356 67.501021842611 29.804690621559 67.999257069686                
 1000357 67.500474390506 67.954584653084 29.906155951671                
 1000358 60.749942730002 58.543187863332 45.660685464097                
 1000359 60.750541360829 45.551722907133  58.62807425648                
 1000360 60.750332778011 50.228684128947 54.674372753802                
 1000361 60.750092244592 54.569961068916 50.342071493003                
 1000362 74.250887775586 70.176641994619 24.237216979699                
 1000363 74.251597783656 24.116816543597 70.218278905204                
 1000364 67.500059081513 65.248773719884 35.423141558494                
 1000365 67.501051357178 35.278628094473 65.327164007378                
 1000366 67.500980254423 40.513191683929 62.216559200405                
 1000367 67.499449723488 62.089759614837 40.706975390388                
 1000368 74.251684648536 29.761047799992 68.018467816331                
 1000369 74.251489005476 67.939022118417 29.941640505415                
 1000370 67.499309763357 58.497260177056 45.719421324639                
 1000371 67.500770296914 45.480991181478  58.68300002935                
 1000372 67.500355025099 50.155004543417 54.741975123631                
 1000373 67.499758304448 54.505621290474 50.411680353767                
 1000374 74.250220851282 65.236914161498 35.444957231686                
 1000375 74.251606317597 35.196199224143 65.371709418649                
 1000376 74.251446245056 40.397704702185 62.291697117416                
 1000377 74.247987703874  62.05716945343 40.756406337628                
 1000378 74.247945079126 58.417386224914  45.82121034043                
 1000379 74.250956285384 45.342719745808 58.789959792772                
 1000380 74.250342385243 50.010534858693 54.873989099969                
 1000381 74.249491590041 54.380543238204 50.546493354193                
 1000382 -108.6904503644 62.955085965234 27.961535678245                
 1000383 -108.3070836223   -62.958911101 -28.32761424492                
 1000384 91.749858657504 -19.49330966915 -70.82492469159                
 1000385 -154.6582221429 2.6563980625247 8.8361794070104                
 1000386 -155.1642721146 3.4130384365585 0.7414849646325                
 1000387 110.72884733266 26.671672007982 62.580834647519                
 1000388 154.65218808789 8.8831553520511 2.6554218884737                
 1000389 155.16426893436 0.7851811532082 3.1243061259831                
 1000390 -102.6329920985 65.753456187885  -26.8387752778                
 1000391 -104.7738317786   63.1063668032 -31.04961422912                
 1000392 -107.5350820196 59.900023291672 -34.92050942391                
 1000393 91.115471216522 -32.39637035048 66.029736867773                
 1000394 115.70322526552  -7.79148423678 65.165570233908                
 1000395 110.84377651904 -8.001022738994 67.505127349686                
 1000396 105.64120101106 -9.160991095059 69.429215772046                
 1000397 99.867225515603 -10.73936460547 70.993893614471                
 1000398 -116.9491586336 64.533385797765 -7.391766760678                
 1000399 -111.9732295643 67.102729915785 -7.028063893988                
 1000400  -106.492031607 69.261066577833 -8.034609601911                
 1000401  -100.774027844 70.850374411061 -10.03184926568                
 1000402 101.71408427751 -20.65837220324 -68.23528213895                
 1000403 106.41413653569 -21.97942161579 -66.20345231605                
 1000404 110.75190185123  -23.8611493439 -63.69674335991                
 1000405 114.80600484144 -26.20762569947 -60.67796881722                
 1000406 -101.6946808328 -68.22446646377 -20.71284270113                
 1000407 -106.2957458424 -66.21689862122     -22.0751379                
 1000408 -110.6248173168 -63.71983304992 -23.95687686825                
 1000409 -114.7160828259 -60.70233589071 -26.26974508767                
 1000410 -102.1955433924 68.205712025751 20.262188795727                
 1000411 -106.8549804989 66.158239922502 21.597327465441                
 1000412 -111.0473803072 63.656309531049 23.596353119332                
 1000413 -115.1666521532 60.603135739719 25.914083402142                
 1000414 95.453069762389 28.506623934776 67.011667119452                
 1000415 95.044416140964 23.585569755678 68.982543621776                
 1000416 95.526737195403 19.028462049389 70.277096632819                
 1000417 96.529468149341 13.774235788267 71.280074953512                
 1000418 103.00595370967 -21.42644685041 67.591150265371                
 1000419 104.37997626317 -25.90849858166 65.529176735712                
 1000420 106.05434663574 -30.38659041186 62.934311056255                
 1000421 108.42342280563 -34.47435947527 59.758789603613                
*ELEMENT_SHELL
$    EID     PID      N1      N2      N3      N4
 1059351       6  996798  996778  996805  996805
 1059378       6  996797  996808  996836  996836
 1059429       6  996853  996892  996854  996854
 1059445       6  996881  996899  996863  996863
 1059479       6  996929  996900  996913  996913
 1059513       6  996958  996954  996913  996913
 1059571       6  997008  997002  996967  996967
 1059620       6  997008  997047  997059  997059
 1059638       6  997059  997077  997040  997040
 1059650       6  997078  997084  997047  997047
 1059656       6  997099  997071  997052  997052
 1059665       6  997100  997074  997077  997077
 1059707       6  997136  997112  997115  997115
 1059708       6  997113  997108  997146  997146
 1059790       6  997187  997226  997195  997195
 1059825       6  997258  997234  997209  997209
 1059900       6  997286  997304  997318  997318
 1059912       6  997334  997308  997294  997294
 1059944       6  997362  997318  997349  997349
 1059948       6  997332  997364  997342  997342
 1059956       6  997339  997377  997347  997347
 1060019       6  997395  997407  997431  997431
 1060022       6  997393  997409  997438  997438
 1060041       6  997429  997416  997449  997449
 1060074       6  997446  997457  997492  997492
 1060102       6  997506  997467  997502  997502
 1060114       6  997486  997485  997518  997518
 1060204       6  997570  997585  997584  997584
 1060235       6  997608  997604  997620  997620
 1060261       6  997624  997635  997632  997632
 1060290       6  997731  997720  997723  997723
 1060316       6  997747  997751  997735  997735
 1060347       6  997785  997770  997771  997771
 1060436       6  997838  997869  997866  997866
 1060437       6  997870  997871  997837  997837
 1060455       6  997864  997866  997893  997893
 1060465       6  997864  997899  997887  997887
 1060496       6  997893  997925  997910  997910
 1060510       6  997904  997944  997917  997917
 1060511       6  997927  997940  997907  997907
 1060530       6  997963  997946  997917  997917
 1060533       6  997961  997949  997925  997925
 1060596       6  998017  997979  998009  998009
 1060604       6  998024  997992  998014  998014
 1060608       6  997994  998037  998007  998007
 1060618       6  997997  998036  998043  998043
 1060640       6  998022  998048  998062  998062
 1060721       6  998129  998125  998089  998089
 1060844       6  998243  998248  998210  998210
 1060845       6  998220  998244  998242  998242
 1060887       6  998256  998282  998279  998279
 1061007       6  998394  998401  998361  998361
 1061070       6  998427  998456  998444  998444
 1061075       6  998429  998433  998477  998477
 1061083       6  998443  998471  998455  998455
 1061107       6  998474  998455  998492  998492
 1061122       6  998501  998463  998502  998502
 1061136       6  998484  998519  998505  998505
 1061201       6  998557  998577  998550  998550
 1061229       6  998579  998590  998604  998604
*ELEMENT_SHELL
$    EID     PID      N1      N2      N3      N4
 1059281       6  996723  996722  996724  996725
 1059282       6  996722  996727  996728  996724
 1059283       6  996722  996723  996729  996726
 1059284       6  996725  996724  996730  996733
 1059285       6  996731  996723  996725  996732
 1059286       6  996727  996722  996726  996734
 1059287       6  996724  996728  996735  996730
 1059288       6  996736  996729  996723  996731
 1059289       6  996732  996725  996733  996737
 1059290       6  996727  996740  996741  996728
 1059291       6  996726  996729  996743  996739
 1059292       6  996733  996730  996738  996742
 1059293       6  996744  996731  996732  996745
 1059294       6  996734  996746  996740  996727
 1059295       6  996734  996726  996739  996747
 1059296       6  996730  996735  996748  996738
 1059297       6  996728  996741  996749  996735
 1059298       6  996750  996743  996729  996736
 1059299       6  996731  996744  996751  996736
 1059300       6  996745  996732  996737  996752
 1059301       6  996733  996742  996757  996737
 1059302       6  996747  996754  996746  996734
 1059303       6  996735  996749  996762  996748
 1059305       6  996736  996751  996765  996750
 1059306       6  996740  996758  996759  996741
 1059308       6  996745  996755  996763  996744
 1059310       6  996746  996764  996758  996740
 1059313       6  996741  996759  996767  996749
 1059314       6  996752  996737  996757  996770
 1059316       6  996755  996745  996752  996771
 1059318       6  996754  996772  996764  996746
 1059319       6  996766  996773  996754  996747
 1059320       6  996749  996767  996775  996762
 1059325       6  996770  996778  996771  996752
 1059328       6  996758  996782  996783  996759
 1059330       6  996764  996788  996782  996758
 1059331       6  996773  996792  996772  996754
 1059332       6  996774  996755  996771  996796
 1059333       6  996759  996783  996791  996767
 1059334       6  996770  996757  996781  996790
 1059337       6  996793  996786  996761  996769
 1059341       6  996772  996799  996788  996764
 1059343       6  996789  996801  996773  996766
 1059344       6  996804  996775  996767  996791
 1059345       6  996769  996777  996803  996793
 1059346       6  996796  996771  996778  996798
 1059348       6  996790  996805  996778  996770
 1059352       6  996796  996808  996797  996774
 1059353       6  996801  996815  996792  996773
 1059355       6  996781  996780  996810  996814
 1059356       6  996811  996783  996782  996812
 1059357       6  996820  996810  996780  996784
 1059360       6  996788  996821  996812  996782
 1059362       6  996790  996781  996814  996822
 1059363       6  996824  996791  996783  996811
 1059366       6  996825  996816  996786  996793
 1059367       6  996796  996798  996823  996808
 1059368       6  996784  996795  996830  996820
 1059369       6  996797  996836  996819  996787
 1059370       6  996799  996835  996821  996788
 1059371       6  996818  996834  996801  996789
 1059372       6  996793  996803  996832  996825
 1059376       6  996838  996804  996791  996824
 1059379       6  996795  996807  996839  996830
 1059380       6  996829  996798  996805  996841
 1059381       6  996844  996831  996792  996815
 1059383       6  996834  996845  996815  996801
 1059385       6  996823  996798  996829  996851
 1059390       6  996836  996808  996823  996850
 1059391       6  996806  996828  996848  996837
 1059393       6  996807  996827  996862  996839
 1059395       6  996812  996856  996857  996811
 1059396       6  996854  996810  996820  996853
 1059397       6  996860  996814  996810  996854
 1059398       6  996856  996812  996821  996859
 1059400       6  996863  996852  996816  996825
 1059401       6  996811  996857  996864  996824
 1059402       6  996822  996814  996860  996861
 1059404       6  996820  996830  996868  996853
 1059405       6  996849  996869  996834  996818
 1059407       6  996859  996821  996835  996871
 1059409       6  996824  996864  996874  996838
 1059410       6  996845  996880  996844  996815
 1059412       6  996825  996832  996881  996863
 1059413       6  996850  996823  996851  996877
 1059414       6  996879  996848  996828  996846
 1059416       6  996867  996829  996841  996875
 1059419       6  996827  996847  996884  996862
 1059420       6  996830  996839  996885  996868
 1059421       6  996844  996887  996866  996831
 1059423       6  996869  996888  996845  996834
 1059424       6  996851  996829  996867  996889
 1059425       6  996837  996848  996882  996870
 1059431       6  996839  996862  996896  996885
 1059434       6  996856  996894  996895  996857
 1059435       6  996910  996879  996846  996876
 1059438       6  996894  996856  996859  996901
 1059439       6  996853  996868  996905  996892
 1059440       6  996857  996895  996902  996864
 1059443       6  996909  996884  996847  996878
 1059444       6  996877  996851  996889  996904
 1059448       6  996880  996916  996887  996844
 1059449       6  996888  996917  996880  996845
 1059453       6  996872  996907  996898  996858
 1059454       6  996924  996882  996848  996879
 1059455       6  996901  996859  996871  996914
 1059457       6  996864  996902  996915  996874
 1059458       6  996867  996875  996676  996677
 1059460       6  996862  996884  996919  996896
 1059461       6  996870  996882  996913  996900
 1059462       6  996887  996921  996903  996866
 1059463       6  996868  996885  996920  996905
 1059466       6  996889  996867  996677  996678
 1059471       6  996928  996910  996876  996908
 1059473       6  996878  996911  996933  996909
 1059474       6  996885  996896  996932  996920
 1059476       6  996935  996919  996884  996909
 1059477       6  996899  996881  996931  996934
 1059478       6  996917  996945  996916  996880
 1059480       6  996939  996924  996879  996910
 1059483       6  996679  996904  996889  996678
 1059488       6  996937  996895  996894  996936
 1059489       6  996916  996949  996921  996887
 1059491       6  996936  996894  996901  996942
 1059492       6  996924  996958  996913  996882
 1059493       6  996895  996937  996944  996902
 1059497       6  996896  996919  996948  996932
 1059498       6  996942  996901  996914  996951
 1059499       6  996934  996956  996912  996899
 1059500       6  996902  996944  996952  996915
 1059502       6  996921  996960  996940  996903
 1059505       6  996927  996904  996679  996680
 1059506       6  996909  996933  996957  996935
 1059507       6  996911  996941  996961  996933
 1059508       6  996910  996928  996966  996939
 1059509       6  996965  996928  996908  996947
 1059511       6  996929  996913  996954  996955
 1059516       6  996945  996971  996949  996916
 1059520       6  996939  996967  996958  996924
 1059525       6  996927  996680  996681  996946
 1059526       6  996949  996983  996960  996921
 1059529       6  996970  996981  996934  996931
 1059531       6  996975  996937  996936  996976
 1059532       6  996933  996961  996984  996957
 1059533       6  996976  996936  996942  996978
 1059535       6  996937  996975  996985  996944
 1059538       6  996978  996942  996951  996986
 1059540       6  996944  996985  996989  996952
 1059541       6  996934  996981  996996  996956
 1059542       6  996973  996940  996960  996993
 1059543       6  996992  996961  996941  996977
 1059544       6  996965  997012  996966  996928
 1059546       6  996966  997008  996967  996939
 1059549       6  996995  996955  996954  996990
 1059550       6  997004  996965  996947  996979
 1059551       6  996994  996990  996954  996958
 1059554       6  996971  997005  996983  996949
 1059555       6  996667  996668  996948  996974
 1059557       6  996991  996946  996681  996682
 1059558       6  997002  996994  996958  996967
 1059562       6  996979  996943  996991  997020
 1059564       6  996956  996996  997009  996982
 1059566       6  997011  996984  996961  996992
 1059567       6  996993  996960  996983  997013
 1059569       6  997003  997018  996981  996970
 1059572       6  996976  997014  997016  996975
 1059573       6  996978  997019  997014  996976
 1059574       6  997022  996985  996975  997016
 1059575       6  997007  996973  996993  997025
 1059576       6  997024  996992  996977  997010
 1059577       6  996986  997023  997019  996978
 1059579       6  996974  997001  996666  996667
 1059581       6  997038  997012  996965  997004
 1059582       6  997009  997032  996998  996982
 1059584       6  997030  996989  996985  997022
 1059585       6  997018  997034  996996  996981
 1059586       6  997005  997028  997013  996983
 1059587       6  997033  997004  996979  997020
 1059589       6  997012  997047  997008  996966
 1059591       6  997027  997026  996990  996994
 1059592       6  997020  996991  996682  996683
 1059593       6  996995  996990  997026  997036
 1059596       6  997040  997027  996994  997002
 1059598       6  997003  996995  997036  997041
 1059599       6  997045  997011  996992  997024
 1059600       6  997025  996993  997013  997046
 1059601       6  997009  996996  997034  997049
 1059603       6  997032  997050  997021  996998
 1059605       6  997008  997059  997040  997002
 1059606       6  997041  997052  997018  997003
 1059608       6  997001  997035  996665  996666
 1059611       6  997061  997038  997004  997033
 1059613       6  996684  997033  997020  996683
 1059614       6  997053  997016  997014  997054
 1059615       6  997028  997055  997046  997013
 1059616       6  997054  997014  997019  997057
 1059617       6  997025  997063  997048  997007
 1059618       6  997062  997022  997016  997053
 1059619       6  997064  997024  997010  997051
 1059621       6  997049  997067  997032  997009
 1059623       6  997023  997065  997057  997019
 1059624       6  997078  997047  997012  997038
 1059625       6  997052  997071  997034  997018
 1059627       6  997075  997030  997022  997062
 1059628       6  997050  997080  997043  997021
 1059630       6  997066  997026  997027  997074
 1059632       6  997066  997073  997036  997026
 1059634       6  997077  997074  997027  997040
 1059635       6  997046  997082  997063  997025
 1059636       6  997083  997045  997024  997064
 1059637       6  997041  997036  997073  997081
 1059639       6  997049  997034  997071  997085
 1059641       6  997056  997090  997058  997029
 1059642       6  997067  997088  997050  997032
 1059643       6  997068  997078  997038  997061
 1059645       6  996664  996665  997035  997060
 1059646       6  996684  996685  997061  997033
 1059651       6  997082  997046  997055  997091
 1059652       6  997081  997105  997052  997041
 1059654       6  997059  997047  997084  997094
 1059655       6  997080  997103  997070  997043
 1059657       6  997086  997048  997063  997101
 1059658       6  997085  997106  997067  997049
 1059661       6  997095  997053  997054  997096
 1059662       6  997064  997051  997087  997104
 1059663       6  997096  997054  997057  997102
 1059664       6  997107  997062  997053  997095
 1059666       6  997088  997114  997080  997050
 1059667       6  997102  997057  997065  997110
 1059669       6  996685  996686  997068  997061
 1059670       6  997066  997074  997100  997108
 1059671       6  997077  997059  997094  997111
 1059672       6  997078  997068  997098  997115
 1059673       6  997108  997113  997073  997066
 1059674       6  997118  997075  997062  997107
 1059678       6  997101  997063  997082  997119
 1059680       6  996663  996664  997060  997092
 1059681       6  997124  997083  997064  997104
 1059682       6  997099  997121  997085  997071
 1059683       6  997106  997126  997088  997067
 1059684       6  997115  997112  997084  997078
 1059685       6  997113  997123  997081  997073
 1059686       6  997131  997099  997052  997105
 1059691       6  997130  997087  997075  997118
 1059692       6  997100  997077  997111  997129
 1059693       6  997094  997084  997112  997125
 1059694       6  997119  997082  997091  997134
 1059695       6  997114  997138  997103  997080
 1059696       6  996686  996687  997098  997068
 1059697       6  997128  997086  997101  997137
 1059698       6  997123  997145  997105  997081
 1059699       6  997121  997140  997106  997085
 1059701       6  997143  997104  997087  997130
 1059702       6  997111  997094  997125  997135
 1059703       6  997126  997149  997114  997088
 1059704       6  997108  997100  997129  997146
 1059705       6  997139  997095  997096  997141
 1059709       6  997141  997096  997102  997144
 1059711       6  997147  997107  997095  997139
 1059713       6  997144  997102  997110  997148
 1059715       6  996662  996663  997092  997132
 1059716       6  997131  997156  997121  997099
 1059717       6  997137  997101  997119  997152
 1059718       6  997133  997158  997127  997093
 1059719       6  997098  997170  997136  997115
 1059721       6  997157  997118  997107  997147
 1059722       6  997140  997160  997126  997106
 1059723       6  997159  997124  997104  997143
 1059724       6  997164  997125  997112  997136
 1059726       6  997123  997113  997146  997161
 1059728       6  997145  997166  997131  997105
 1059729       6  997129  997111  997135  997167
 1059731       6  997168  997130  997118  997157
 1059732       6  997152  997119  997134  997169
 1059733       6  997149  997172  997138  997114
 1059734       6  997156  997173  997140  997121
 1059735       6  997162  997128  997137  997171
 1059739       6  997161  997177  997145  997123
 1059740       6  996688  997170  997098  996687
 1059741       6  997135  997125  997164  997186
 1059743       6  997160  997183  997149  997126
 1059744       6  997175  997143  997130  997168
 1059745       6  997158  997185  997154  997127
 1059746       6  997167  997187  997146  997129
 1059747       6  996661  996662  997132  997163
 1059748       6  997166  997191  997156  997131
 1059750       6  997176  997139  997141  997178
 1059752       6  997178  997141  997144  997181
 1059753       6  997171  997137  997152  997189
 1059754       6  997139  997176  997190  997147
 1059755       6  997181  997144  997148  997188
 1059756       6  997170  997192  997164  997136
 1059757       6  997173  997196  997160  997140
 1059759       6  997198  997159  997143  997175
 1059762       6  997161  997146  997187  997195
 1059763       6  997147  997190  997197  997157
 1059764       6  997177  997202  997166  997145
 1059765       6  997135  997186  997205  997167
 1059767       6  997189  997152  997169  997203
 1059768       6  997172  997149  997183  997206
 1059769       6  997157  997197  997204  997168
 1059770       6  997191  997208  997173  997156
 1059771       6  997180  997150  997179  997210
 1059774       6  997185  997215  997182  997154
 1059775       6  997201  997162  997171  997207
 1059777       6  997177  997161  997195  997211
 1059778       6  997192  997209  997186  997164
 1059780       6  997196  997219  997183  997160
 1059781       6  997192  997170  996688  996689
 1059782       6  996660  996661  997163  997199
 1059783       6  997168  997204  997216  997175
 1059785       6  997202  997222  997191  997166
 1059787       6  997207  997171  997189  997221
 1059788       6  997187  997167  997205  997230
 1059789       6  997220  997176  997178  997223
 1059791       6  997208  997232  997196  997173
 1059792       6  997223  997178  997181  997225
 1059793       6  997200  997172  997206  997235
 1059794       6  997176  997220  997229  997190
 1059795       6  997175  997216  997228  997198
 1059796       6  997225  997181  997188  997227
 1059798       6  997211  997236  997202  997177
 1059800       6  997209  997234  997205  997186
 1059801       6  997190  997229  997237  997197
 1059802       6  997221  997189  997203  997239
 1059803       6  997206  997183  997219  997241
 1059805       6  997210  997179  997212  997247
 1059806       6  997214  997180  997210  997248
 1059807       6  997215  997249  997212  997182
 1059810       6  997222  997242  997208  997191
 1059811       6  996689  996690  997209  997192
 1059812       6  997211  997195  997226  997250
 1059815       6  997207  997240  997238  997201
 1059816       6  997230  997246  997226  997187
 1059817       6  996659  996660  997199  997233
 1059818       6  997232  997254  997219  997196
 1059821       6  997235  997257  997224  997200
 1059822       6  997222  997202  997236  997255
 1059824       6  997230  997205  997234  997259
 1059826       6  997269  997240  997207  997221
 1059827       6  997235  997206  997241  997266
 1059828       6  997242  997265  997232  997208
 1059830       6  997250  997270  997236  997211
 1059832       6  997262  997220  997223  997263
 1059833       6  997263  997223  997225  997264
 1059835       6  997244  997214  997248  997273
 1059836       6  997268  997229  997220  997262
 1059839       6  997225  997227  997267  997264
 1059840       6  997248  997210  997247  997281
 1059841       6  997247  997212  997249  997282
 1059844       6  997254  997279  997241  997219
 1059846       6  997242  997222  997255  997280
 1059847       6  996691  997258  997209  996690
 1059849       6  997275  997237  997229  997268
 1059850       6  997221  997239  997286  997269
 1059851       6  997259  997283  997246  997230
 1059853       6  997257  997287  997252  997224
 1059855       6  997271  997238  997240  997278
 1059857       6  997259  997234  997258  997288
 1059858       6  996658  996659  997233  997272
 1059859       6  997265  997289  997254  997232
 1059860       6  997255  997236  997270  997291
 1059861       6  997266  997292  997257  997235
 1059863       6  997283  997293  997260  997246
 1059864       6  997280  997295  997265  997242
 1059865       6  997266  997241  997279  997298
 1059866       6  997276  997244  997273  997296
 1059869       6  997273  997248  997281  997300
 1059872       6  997316  997278  997240  997269
 1059874       6  997281  997247  997282  997312
 1059875       6  997277  997252  997287  997307
 1059878       6  997302  997262  997263  997303
 1059879       6  997289  997315  997279  997254
 1059880       6  997288  997310  997283  997259
 1059881       6  997280  997255  997291  997314
 1059882       6  997303  997263  997264  997305
 1059883       6  997305  997264  997267  997306
 1059884       6  997262  997302  997313  997268
 1059885       6  997288  997258  996691  996692
 1059886       6  997292  997319  997287  997257
 1059887       6  997306  997267  997271  997309
 1059888       6  997284  997260  997293  997317
 1059889       6  997309  997271  997278  997311
 1059890       6  997268  997313  997320  997275
 1059891       6  997295  997323  997289  997265
 1059892       6  996658  997272  997308  996657
 1059893       6  997316  997269  997286  997318
 1059895       6  997298  997327  997292  997266
 1059898       6  997296  997273  997300  997328
 1059899       6  997304  997276  997296  997326
 1059901       6  997299  997277  997307  997329
 1059902       6  997285  997321  997324  997290
 1059903       6  997300  997281  997312  997330
 1059904       6  997314  997331  997295  997280
 1059905       6  997310  997339  997293  997283
 1059906       6  997298  997279  997315  997333
 1059909       6  997311  997278  997316  997336
 1059910       6  997307  997287  997319  997337
 1059911       6  997290  997324  997334  997294
 1059913       6  996692  996693  997310  997288
 1059914       6  997323  997345  997315  997289
 1059915       6  997314  997291  997325  997344
 1059916       6  997327  997348  997319  997292
 1059917       6  997303  997332  997342  997302
 1059919       6  997332  997303  997305  997346
 1059921       6  997318  997304  997326  997349
 1059922       6  997306  997338  997346  997305
 1059923       6  997317  997293  997339  997347
 1059924       6  997309  997351  997338  997306
 1059925       6  997322  997299  997329  997352
 1059926       6  997308  997334  996656  996657
 1059927       6  997331  997354  997323  997295
 1059928       6  997328  997300  997330  997353
 1059932       6  997333  997357  997327  997298
 1059936       6  997318  997362  997336  997316
 1059937       6  997329  997307  997337  997361
 1059938       6  997330  997312  997340  997363
 1059939       6  997355  997324  997321  997350
 1059941       6  997344  997365  997331  997314
 1059942       6  997345  997367  997333  997315
 1059945       6  997337  997319  997348  997369
 1059946       6  996694  997339  997310  996693
 1059947       6  997366  997334  997324  997355
 1059949       6  997340  997322  997352  997372
 1059951       6  997354  997375  997345  997323
 1059952       6  997344  997325  997356  997374
 1059953       6  997373  997350  997320  997359
 1059954       6  997357  997379  997348  997327
 1059955       6  997349  997326  997358  997380
 1059957       6  997352  997329  997361  997382
 1059958       6  996656  997334  997366  996655
 1059959       6  997353  997330  997363  997383
 1059961       6  997364  997332  997346  997386
 1059962       6  997365  997385  997354  997331
 1059964       6  997386  997346  997338  997371
 1059966       6  997367  997388  997357  997333
 1059967       6  997351  997391  997371  997338
 1059968       6  997361  997337  997369  997390
 1059970       6  997387  997355  997350  997373
 1059971       6  997363  997340  997372  997394
 1059974       6  997374  997396  997365  997344
 1059975       6  997364  997395  997381  997342
 1059976       6  997375  997397  997367  997345
 1059977       6  997380  997400  997362  997349
 1059979       6  997369  997348  997379  997401
 1059980       6  997398  997366  997355  997387
 1059981       6  997377  997339  996694  996695
 1059983       6  997372  997352  997382  997405
 1059984       6  997374  997356  997384  997399
 1059986       6  997359  997392  997404  997373
 1059987       6  997351  997376  997412  997391
 1059988       6  997388  997410  997379  997357
 1059989       6  997380  997358  997389  997411
 1059992       6  997382  997361  997390  997413
 1059993       6  997386  997407  997395  997364
 1059994       6  996654  996655  997366  997398
 1059995       6  997383  997363  997394  997414
 1059997       6  997396  997415  997385  997365
 1059998       6  997397  997419  997388  997367
 1059999       6  997386  997371  997408  997407
 1060000       6  997373  997404  997416  997387
 1060001       6  997390  997369  997401  997424
 1060003       6  997399  997422  997396  997374
 1060004       6  997394  997372  997405  997427
 1060006       6  997408  997371  997391  997430
 1060008       6  997384  997402  997426  997399
 1060010       6  997411  997428  997400  997380
 1060011       6  997401  997379  997410  997433
 1060012       6  997395  997431  997418  997381
 1060013       6  997393  997438  997412  997376
 1060014       6  997387  997416  997429  997398
 1060017       6  997405  997382  997413  997435
 1060021       6  997419  997439  997410  997388
 1060023       6  997411  997389  997421  997440
 1060024       6  997437  997432  997404  997392
 1060025       6  997442  997425  997385  997415
 1060026       6  997424  997445  997413  997390
 1060027       6  997398  997429  996653  996654
 1060028       6  997414  997394  997427  997444
 1060029       6  997422  997443  997415  997396
 1060033       6  997431  997407  997408  997446
 1060035       6  997426  997451  997422  997399
 1060036       6  997449  997416  997404  997432
 1060038       6  997424  997401  997433  997454
 1060040       6  997427  997405  997435  997455
 1060042       6  997446  997408  997430  997457
 1060043       6  997440  997459  997428  997411
 1060044       6  997433  997410  997439  997462
 1060045       6  997436  997461  997438  997409
 1060046       6  997444  997465  997434  997414
 1060047       6  997435  997413  997445  997466
 1060053       6  997443  997473  997442  997415
 1060055       6  996653  997429  997449  996652
 1060058       6  997442  997471  997450  997425
 1060059       6  997451  997472  997443  997422
 1060061       6  997437  997464  997458  997432
 1060063       6  997454  997478  997445  997424
 1060064       6  997444  997427  997455  997477
 1060067       6  997479  997449  997432  997458
 1060069       6  997465  997480  997453  997434
 1060070       6  997454  997433  997462  997481
 1060071       6  997455  997435  997466  997483
 1060072       6  997460  997482  997461  997436
 1060077       6  997477  997490  997465  997444
 1060078       6  997466  997445  997478  997493
 1060081       6  997473  997499  997471  997442
 1060082       6  997472  997500  997473  997443
 1060083       6  997471  997496  997475  997450
 1060084       6  996651  996652  997449  997479
 1060086       6  997491  997463  997446  997492
 1060087       6  997506  997469  997452  997467
 1060088       6  997456  997487  997485  997464
 1060090       6  997458  997464  997485  997486
 1060091       6  997463  997491  997487  997456
 1060092       6  997470  997453  997480  997498
 1060093       6  997467  997461  997482  997502
 1060094       6  997477  997455  997483  997503
 1060095       6  997481  997504  997478  997454
 1060097       6  997501  997479  997458  997486
 1060098       6  997484  997505  997482  997460
 1060099       6  997490  997507  997480  997465
 1060101       6  997483  997466  997493  997509
 1060105       6  997498  997510  997488  997470
 1060106       6  997490  997477  997503  997512
 1060107       6  997496  997516  997495  997475
 1060109       6  997496  997471  997499  997520
 1060111       6  997500  997522  997499  997473
 1060112       6  997479  997501  996650  996651
 1060113       6  997504  997519  997493  997478
 1060115       6  997524  997494  997469  997506
 1060117       6  997502  997482  997505  997515
 1060118       6  997498  997480  997507  997523
 1060119       6  997518  997485  997487  997517
 1060122       6  997503  997483  997509  997525
 1060125       6  997532  997501  997486  997518
 1060126       6  997507  997490  997512  997528
 1060128       6  997506  997502  997515  997530
 1060129       6  997509  997493  997519  997533
 1060130       6  997511  997495  997516  997534
 1060131       6  997523  997531  997510  997498
 1060132       6  997516  997496  997520  997536
 1060134       6  997513  997494  997524  997539
 1060135       6  997520  997499  997522  997537
 1060137       6  997512  997503  997525  997535
 1060139       6  996650  997501  997532  996649
 1060141       6  997523  997507  997528  997543
 1060143       6  997524  997506  997530  997546
 1060146       6  997517  997542  997532  997518
 1060147       6  997525  997509  997533  997544
 1060148       6  997529  997511  997534  997549
 1060149       6  997528  997512  997535  997550
 1060151       6  997534  997516  997536  997552
 1060154       6  997536  997520  997537  997557
 1060156       6  997531  997523  997543  997555
 1060158       6  997548  997513  997539  997556
 1060159       6  997535  997525  997544  997558
 1060160       6  997539  997524  997546  997561
 1060161       6  996648  996649  997532  997542
 1060163       6  997542  997517  997548  997569
 1060164       6  997543  997528  997550  997567
 1060166       6  997555  997562  997541  997531
 1060167       6  997549  997568  997545  997529
 1060170       6  997549  997534  997552  997574
 1060171       6  997550  997535  997558  997571
 1060172       6  997557  997572  997552  997536
 1060180       6  996647  996648  997542  997569
 1060181       6  997556  997539  997561  997589
 1060183       6  997555  997543  997567  997580
 1060184       6  997569  997548  997556  997575
 1060187       6  997570  997584  997564  997551
 1060188       6  997574  997588  997568  997549
 1060189       6  997572  997582  997574  997552
 1060190       6  997550  997571  997595  997567
 1060191       6  997562  997555  997580  997586
 1060197       6  997565  997562  997586  997591
 1060199       6  997591  997585  997570  997565
 1060200       6  997575  997556  997589  997592
 1060202       6  996646  996647  997569  997575
 1060209       6  997588  997574  997582  997599
 1060210       6  997580  997567  997595  997601
 1060212       6  996646  997575  997592  996721
 1060213       6  997589  997583  997603  997592
 1060218       6  997601  997604  997586  997580
 1060220       6  997584  997585  997607  997602
 1060221       6  997591  997586  997604  997608
 1060222       6  997591  997608  997607  997585
 1060230       6  997592  997603  996720  996721
 1060231       6  997601  997595  997611  997616
 1060233       6  997605  997596  997610  997618
 1060236       6  997616  997620  997604  997601
 1060239       6  997602  997607  997621  997617
 1060242       6  997615  997626  997613  997598
 1060243       6  997607  997608  997622  997621
 1060244       6  997603  997613  996719  996720
 1060246       6  997614  997605  997618  997624
 1060247       6  997618  997610  997623  997628
 1060249       6  997622  997608  997620  997633
 1060250       6  997615  997617  997629  997626
 1060252       6  997632  997619  997614  997624
 1060253       6  997626  996718  996719  997613
 1060255       6  997617  997621  997631  997629
 1060256       6  997624  997618  997628  997635
 1060257       6  997621  997622  997634  997631
 1060259       6  997636  997625  997619  997632
 1060260       6  997628  997623  996707  996708
 1060262       6  997626  997629  996717  996718
 1060263       6  997634  997622  997633  997639
 1060264       6  997627  997625  997636  997637
 1060265       6  996717  997629  997631  996716
 1060266       6  997627  997637  997638  997630
 1060267       6  997635  997628  996708  996709
 1060268       6  997633  997630  997638  997639
 1060269       6  997631  997634  996715  996716
 1060270       6  997632  997635  996709  996710
 1060271       6  997636  997632  996710  996711
 1060272       6  997634  997639  996714  996715
 1060273       6  996711  996712  997637  997636
 1060274       6  997639  997638  996713  996714
 1060275       6  996712  996713  997638  997637
 1060279       6  997721  997716  997670  997671
 1060282       6  997724  997721  997671  997672
 1060286       6  997673  997726  997724  997672
 1060287       6  997728  997730  997719  997718
 1060288       6  997721  997733  997722  997716
 1060289       6  997729  997726  997673  997674
 1060292       6  997719  997730  997736  997723
 1060294       6  997734  997733  997721  997724
 1060295       6  997731  997737  997727  997720
 1060296       6  997738  997734  997724  997726
 1060298       6  997729  997674  997675  997742
 1060300       6  997723  997736  997741  997731
 1060302       6  997733  997747  997735  997722
 1060303       6  997739  997744  997730  997728
 1060304       6  997737  997745  997732  997727
 1060305       6  997741  997749  997737  997731
 1060306       6  997744  997750  997736  997730
 1060307       6  997752  997742  997675  997676
 1060308       6  997748  997747  997733  997734
 1060310       6  997661  997662  997756  997746
 1060312       6  997753  997748  997734  997738
 1060313       6  997745  997755  997743  997732
 1060315       6  997739  997735  997751  997754
 1060317       6  997741  997736  997750  997758
 1060318       6  997749  997759  997745  997737
 1060319       6  997746  997761  997660  997661
 1060320       6  997754  997760  997744  997739
 1060321       6  997763  997752  997676  997677
 1060323       6  997758  997765  997749  997741
 1060326       6  997755  997767  997756  997743
 1060327       6  997759  997774  997755  997745
 1060329       6  997764  997747  997748  997770
 1060330       6  997764  997769  997751  997747
 1060331       6  997771  997770  997748  997753
 1060333       6  997754  997751  997769  997775
 1060336       6  997761  997780  997659  997660
 1060337       6  997765  997778  997759  997749
 1060338       6  997766  997772  997752  997763
 1060339       6  997678  997779  997763  997677
 1060341       6  997775  997788  997760  997754
 1060344       6  997774  997787  997767  997755
 1060348       6  997778  997795  997774  997759
 1060349       6  997678  997679  997786  997779
 1060351       6  997779  997798  997766  997763
 1060352       6  997764  997770  997785  997790
 1060354       6  997790  997793  997769  997764
 1060355       6  997658  997659  997780  997796
 1060360       6  997793  997800  997775  997769
 1060361       6  997805  997784  997760  997788
 1060363       6  997781  997767  997787  997806
 1060366       6  997795  997810  997787  997774
 1060367       6  997786  997807  997798  997779
 1060368       6  997800  997812  997788  997775
 1060370       6  997798  997816  997794  997766
 1060371       6  997679  997680  997813  997786
 1060377       6  997657  997658  997796  997817
 1060380       6  997805  997820  997797  997784
 1060381       6  997806  997821  997803  997781
 1060384       6  997806  997787  997810  997826
 1060385       6  997800  997793  997814  997824
 1060387       6  997812  997827  997805  997788
 1060388       6  997813  997838  997807  997786
 1060389       6  997816  997829  997809  997794
 1060391       6  997680  997681  997823  997813
 1060392       6  997820  997831  997811  997797
 1060393       6  997807  997842  997816  997798
 1060395       6  997824  997832  997812  997800
 1060397       6  997656  997657  997817  997834
 1060400       6  997821  997840  997819  997803
 1060402       6  997827  997843  997820  997805
 1060403       6  997826  997845  997821  997806
 1060404       6  997829  997844  997825  997809
 1060405       6  997831  997847  997822  997811
 1060406       6  997838  997813  997823  997837
 1060409       6  997832  997849  997827  997812
 1060411       6  997816  997842  997850  997829
 1060412       6  997682  997855  997823  997681
 1060414       6  997838  997866  997842  997807
 1060415       6  997843  997853  997831  997820
 1060418       6  997655  997656  997834  997859
 1060419       6  997840  997860  997835  997819
 1060420       6  997844  997854  997839  997825
 1060421       6  997832  997824  997846  997857
 1060422       6  997845  997862  997840  997821
 1060423       6  997847  997863  997836  997822
 1060424       6  997849  997865  997843  997827
 1060426       6  997844  997829  997850  997861
 1060427       6  997823  997855  997870  997837
 1060430       6  997853  997873  997847  997831
 1060432       6  997837  997871  997869  997838
 1060433       6  997842  997866  997864  997850
 1060434       6  997857  997876  997849  997832
 1060435       6  997854  997874  997851  997839
 1060438       6  997852  997836  997863  997878
 1060439       6  997877  997855  997682  997683
 1060442       6  997860  997885  997858  997835
 1060443       6  997654  997655  997859  997880
 1060444       6  997860  997840  997862  997882
 1060445       6  997865  997879  997853  997843
 1060446       6  997861  997888  997854  997844
 1060447       6  997857  997846  997868  997886
 1060450       6  997850  997864  997887  997861
 1060451       6  997873  997890  997863  997847
 1060453       6  997865  997849  997876  997891
 1060454       6  997872  997851  997874  997896
 1060456       6  997855  997877  997898  997870
 1060457       6  997875  997852  997878  997902
 1060458       6  997879  997901  997873  997853
 1060459       6  997888  997894  997874  997854
 1060460       6  997886  997903  997876  997857
 1060461       6  997893  997866  997869  997900
 1060462       6  997898  997892  997871  997870
 1060464       6  997900  997869  997871  997892
 1060467       6  997683  997684  997907  997877
 1060468       6  997885  997860  997882  997906
 1060470       6  997883  997858  997885  997914
 1060471       6  997653  997654  997880  997908
 1060472       6  997861  997887  997904  997888
 1060474       6  997890  997912  997878  997863
 1060475       6  997879  997865  997891  997911
 1060479       6  997864  997893  997910  997899
 1060480       6  997896  997874  997894  997920
 1060481       6  997901  997921  997890  997873
 1060482       6  997891  997876  997903  997922
 1060483       6  997902  997923  997895  997875
 1060484       6  997888  997904  997917  997894
 1060485       6  997877  997907  997924  997898
 1060486       6  997899  997926  997904  997887
 1060488       6  997911  997929  997901  997879
 1060489       6  997902  997878  997912  997932
 1060491       6  997919  997892  997898  997924
 1060495       6  997914  997885  997906  997930
 1060497       6  997685  997927  997907  997684
 1060498       6  997652  997653  997908  997936
 1060499       6  997913  997883  997914  997941
 1060500       6  997938  997900  997892  997919
 1060502       6  997925  997893  997900  997938
 1060504       6  997921  997943  997912  997890
 1060505       6  997911  997891  997922  997942
 1060506       6  997920  997894  997917  997946
 1060507       6  997923  997947  997918  997895
 1060508       6  997916  997897  997928  997945
 1060509       6  997910  997948  997926  997899
 1060512       6  997929  997951  997921  997901
 1060514       6  997932  997955  997923  997902
 1060516       6  997907  997940  997952  997924
 1060519       6  997925  997949  997948  997910
 1060522       6  997926  997965  997944  997904
 1060523       6  997934  997913  997941  997960
 1060524       6  997942  997962  997929  997911
 1060525       6  997958  997927  997685  997686
 1060526       6  997932  997912  997943  997966
 1060527       6  997914  997930  997972  997941
 1060528       6  997919  997924  997952  997964
 1060529       6  997945  997967  997935  997916
 1060531       6  997937  997918  997947  997968
 1060532       6  997652  997936  997979  997651
 1060535       6  997951  997974  997943  997921
 1060537       6  997975  997938  997919  997964
 1060538       6  997969  997940  997927  997958
 1060539       6  997963  997917  997944  997980
 1060540       6  997961  997925  997938  997975
 1060541       6  997955  997978  997947  997923
 1060542       6  997945  997928  997956  997976
 1060546       6  997948  997985  997965  997926
 1060548       6  997962  997984  997951  997929
 1060549       6  997957  997934  997960  997982
 1060551       6  997966  997987  997955  997932
 1060552       6  997983  997952  997940  997969
 1060553       6  997970  997985  997948  997949
 1060554       6  997959  997937  997968  997989
 1060555       6  997960  997941  997972  997991
 1060557       6  997973  997993  997962  997942
 1060558       6  997686  997687  997990  997958
 1060559       6  997970  997949  997961  997992
 1060560       6  997974  997995  997966  997943
 1060563       6  997976  997998  997967  997945
 1060564       6  997968  997947  997978  997999
 1060565       6  998005  997980  997944  997965
 1060566       6  997997  997964  997952  997983
 1060568       6  997982  998000  997971  997957
 1060569       6  997984  998004  997974  997951
 1060571       6  997979  998017  997650  997651
 1060572       6  997958  997990  998001  997969
 1060573       6  997987  998008  997978  997955
 1060575       6  997976  997956  997994  998007
 1060576       6  997981  997959  997989  998011
 1060577       6  997992  997961  997975  998014
 1060578       6  997982  997960  997991  998012
 1060580       6  997964  997997  998014  997975
 1060581       6  997993  998016  997984  997962
 1060582       6  997969  998001  998006  997983
 1060584       6  997987  997966  997995  998019
 1060585       6  998005  997965  997985  998018
 1060586       6  997989  997968  997999  998023
 1060588       6  997970  998010  998018  997985
 1060590       6  997991  997972  998002  998025
 1060591       6  997992  998024  998010  997970
 1060593       6  998003  998026  997993  997973
 1060594       6  997688  998022  997990  997687
 1060595       6  998004  998027  997995  997974
 1060597       6  998007  998030  997998  997976
 1060598       6  997999  997978  998008  998029
 1060599       6  997983  998006  998036  997997
 1060600       6  998012  998031  998000  997982
 1060601       6  998002  997981  998011  998033
 1060605       6  997990  998022  998032  998001
 1060606       6  997650  998017  998046  997649
 1060607       6  998008  997987  998019  998038
 1060610       6  998011  997989  998023  998041
 1060611       6  998012  997991  998025  998042
 1060613       6  998001  998032  998035  998006
 1060614       6  998026  998044  998016  997993
 1060615       6  998019  997995  998027  998049
 1060616       6  998037  997994  998020  998040
 1060620       6  998023  997999  998029  998058
 1060622       6  998054  998014  997997  998043
 1060624       6  998028  998056  998026  998003
 1060625       6  998025  998002  998033  998061
 1060626       6  998048  998022  997688  997689
 1060628       6  998047  998005  998018  998050
 1060629       6  998039  998063  998017  998009
 1060630       6  998050  998018  998010  998051
 1060633       6  998024  998053  998051  998010
 1060635       6  998053  998024  998014  998054
 1060636       6  998029  998008  998038  998064
 1060637       6  998042  998065  998031  998012
 1060638       6  998033  998011  998041  998067
 1060639       6  997648  997649  998046  998068
 1060641       6  998066  998032  998022  998062
 1060642       6  998038  998019  998049  998070
 1060643       6  998045  998078  998040  998020
 1060645       6  998074  998060  998016  998044
 1060646       6  998058  998077  998041  998023
 1060647       6  998046  998017  998063  998073
 1060648       6  998042  998025  998061  998076
 1060649       6  998056  998075  998044  998026
 1060650       6  998071  998035  998032  998066
 1060654       6  998059  998083  998056  998028
 1060657       6  998058  998029  998064  998090
 1060659       6  998040  998086  998069  998037
 1060661       6  998061  998033  998067  998091
 1060662       6  998088  998043  998036  998081
 1060663       6  998047  998085  998078  998045
 1060664       6  998072  998096  998063  998039
 1060665       6  998050  998089  998085  998047
 1060666       6  998064  998038  998070  998099
 1060667       6  998094  998054  998043  998088
 1060668       6  998068  998098  997647  997648
 1060669       6  998051  998092  998089  998050
 1060670       6  998053  998093  998092  998051
 1060671       6  998076  998101  998065  998042
 1060672       6  998068  998046  998073  998097
 1060673       6  998067  998041  998077  998102
 1060674       6  998054  998094  998093  998053
 1060678       6  998075  998109  998074  998044
 1060680       6  998040  998078  998116  998086
 1060681       6  998074  998107  998082  998060
 1060683       6  998083  998108  998075  998056
 1060687       6  998090  998115  998077  998058
 1060688       6  998076  998061  998091  998114
 1060689       6  998073  998063  998096  998111
 1060691       6  998101  998120  998087  998065
 1060692       6  998090  998064  998099  998121
 1060693       6  998091  998067  998102  998124
 1060695       6  998097  998122  998098  998068
 1060697       6  998085  998118  998116  998078
 1060701       6  998097  998073  998111  998126
 1060703       6  998081  998119  998127  998088
 1060704       6  998089  998125  998118  998085
 1060705       6  997647  998098  998147  997646
 1060706       6  998114  998134  998101  998076
 1060708       6  998102  998077  998115  998137
 1060711       6  998109  998143  998107  998074
 1060712       6  998108  998146  998109  998075
 1060713       6  998131  998129  998089  998092
 1060714       6  998107  998141  998110  998082
 1060716       6  998088  998127  998136  998094
 1060718       6  998093  998133  998131  998092
 1060720       6  998094  998136  998133  998093
 1060722       6  998106  998087  998120  998145
 1060724       6  998114  998091  998124  998148
 1060725       6  998121  998150  998115  998090
 1060726       6  998086  998116  998149  998135
 1060728       6  998126  998151  998122  998097
 1060730       6  998134  998154  998120  998101
 1060733       6  998128  998095  998144  998158
 1060734       6  998124  998102  998137  998160
 1060736       6  998126  998111  998130  998169
 1060737       6  998149  998116  998118  998155
 1060740       6  998145  998161  998130  998106
 1060741       6  997645  997646  998147  998164
 1060742       6  998134  998114  998148  998165
 1060743       6  998141  998172  998139  998110
 1060745       6  998141  998107  998143  998173
 1060747       6  998146  998177  998143  998109
 1060748       6  998155  998118  998125  998162
 1060749       6  998150  998174  998137  998115
 1060751       6  998166  998127  998119  998159
 1060753       6  998129  998168  998162  998125
 1060754       6  998145  998120  998154  998179
 1060756       6  998131  998175  998168  998129
 1060757       6  998181  998140  998128  998158
 1060758       6  998180  998136  998127  998166
 1060760       6  998133  998178  998175  998131
 1060761       6  998148  998124  998160  998183
 1060763       6  998136  998180  998178  998133
 1060764       6  998149  998185  998167  998135
 1060765       6  998169  998189  998151  998126
 1060767       6  998154  998134  998165  998190
 1060769       6  998188  998152  998140  998181
 1060771       6  998164  998186  997644  997645
 1060772       6  998160  998137  998174  998196
 1060773       6  998163  998139  998172  998198
 1060774       6  998179  998195  998161  998145
 1060776       6  998144  998182  998197  998158
 1060777       6  998155  998194  998185  998149
 1060778       6  998172  998141  998173  998203
 1060780       6  998173  998143  998177  998205
 1060782       6  998165  998148  998183  998200
 1060783       6  998199  998159  998152  998188
 1060786       6  998162  998201  998194  998155
 1060787       6  998221  998171  998151  998189
 1060788       6  998179  998154  998190  998211
 1060789       6  998209  998166  998159  998199
 1060792       6  998168  998208  998201  998162
 1060793       6  998158  998197  998213  998181
 1060795       6  998183  998160  998196  998216
 1060796       6  998175  998212  998208  998168
 1060797       6  998186  998164  998192  998220
 1060798       6  998217  998180  998166  998209
 1060799       6  998185  998219  998204  998167
 1060800       6  998178  998215  998212  998175
 1060801       6  998191  998163  998198  998223
 1060802       6  998180  998217  998215  998178
 1060804       6  998190  998165  998200  998225
 1060807       6  998198  998172  998203  998229
 1060808       6  998181  998213  998226  998188
 1060810       6  998203  998173  998205  998234
 1060812       6  997644  998186  998258  997643
 1060813       6  998195  998179  998211  998233
 1060816       6  998182  998214  998232  998197
 1060817       6  998194  998228  998219  998185
 1060818       6  998200  998183  998216  998235
 1060821       6  998188  998226  998238  998199
 1060822       6  998201  998239  998228  998194
 1060823       6  998211  998190  998225  998251
 1060826       6  998233  998243  998210  998195
 1060827       6  998223  998253  998218  998191
 1060828       6  998192  998231  998244  998220
 1060830       6  998197  998232  998252  998213
 1060831       6  998199  998238  998249  998209
 1060832       6  998208  998246  998239  998201
 1060833       6  998258  998186  998220  998242
 1060834       6  998223  998198  998229  998263
 1060835       6  998219  998255  998237  998204
 1060836       6  998225  998200  998235  998257
 1060838       6  998234  998259  998229  998203
 1060839       6  998212  998254  998246  998208
 1060841       6  998209  998249  998261  998217
 1060843       6  998215  998260  998254  998212
 1060847       6  998217  998261  998260  998215
 1060848       6  998248  998256  998227  998210
 1060851       6  998213  998252  998269  998226
 1060852       6  998214  998247  998273  998232
 1060854       6  998233  998211  998251  998275
 1060855       6  998228  998271  998255  998219
 1060856       6  997642  997643  998258  998288
 1060857       6  998241  998218  998253  998276
 1060859       6  998262  998272  998244  998231
 1060860       6  998256  998279  998245  998227
 1060861       6  998226  998269  998281  998238
 1060862       6  998239  998280  998271  998228
 1060864       6  998263  998286  998253  998223
 1060865       6  998259  998277  998263  998229
 1060866       6  998225  998257  998304  998251
 1060867       6  998243  998233  998275  998283
 1060868       6  998242  998244  998272  998278
 1060871       6  998232  998273  998292  998252
 1060874       6  998255  998293  998274  998237
 1060876       6  998246  998291  998280  998239
 1060878       6  998238  998281  998294  998249
 1060879       6  998248  998243  998283  998290
 1060880       6  998278  998288  998258  998242
 1060882       6  998290  998282  998256  998248
 1060883       6  997641  997642  998288  998295
 1060885       6  998254  998299  998291  998246
 1060886       6  998268  998241  998276  998306
 1060888       6  998249  998294  998303  998261
 1060889       6  998260  998302  998299  998254
 1060890       6  998292  998305  998269  998252
 1060891       6  998261  998303  998302  998260
 1060893       6  998247  998284  998311  998273
 1060895       6  998271  998308  998293  998255
 1060897       6  998276  998253  998286  998314
 1060899       6  998286  998263  998277  998312
 1060900       6  998275  998251  998304  998315
 1060903       6  998287  998327  998298  998266
 1060905       6  997640  997641  998295  998326
 1060906       6  998280  998319  998308  998271
 1060908       6  998288  998278  998318  998295
 1060909       6  998289  998268  998306  998322
 1060914       6  998315  998320  998283  998275
 1060915       6  998273  998311  998332  998292
 1060918       6  998279  998282  998329  998316
 1060920       6  998290  998283  998320  998330
 1060921       6  998319  998280  998291  998333
 1060922       6  998290  998330  998329  998282
 1060924       6  998306  998276  998314  998335
 1060925       6  998281  998324  998334  998294
 1060926       6  998314  998286  998312  998339
 1060928       6  998333  998291  998299  998337
 1060929       6  998284  998317  998345  998311
 1060931       6  998307  998289  998322  998347
 1060932       6  998292  998332  998346  998305
 1060934       6  998294  998334  998340  998303
 1060936       6  998302  998342  998337  998299
 1060938       6  998303  998340  998342  998302
 1060939       6  997640  998326  998336  997715
 1060942       6  998295  998318  998352  998326
 1060946       6  998315  998304  998338  998353
 1060948       6  998322  998306  998335  998358
 1060950       6  998347  998360  998321  998307
 1060951       6  998331  998363  998343  998310
 1060952       6  998311  998345  998364  998332
 1060953       6  998353  998361  998320  998315
 1060955       6  998335  998314  998339  998368
 1060957       6  998316  998329  998362  998354
 1060959       6  998361  998366  998330  998320
 1060961       6  998336  998365  997714  997715
 1060962       6  998359  998319  998333  998370
 1060963       6  998329  998330  998366  998362
 1060964       6  998317  998350  998374  998345
 1060965       6  998326  998352  998377  998336
 1060967       6  998338  998321  998360  998375
 1060968       6  998324  998367  998372  998334
 1060970       6  998347  998322  998358  998371
 1060972       6  998318  998344  998391  998352
 1060975       6  998370  998333  998337  998378
 1060976       6  998332  998364  998379  998346
 1060978       6  998334  998372  998380  998340
 1060979       6  998378  998337  998342  998381
 1060980       6  998381  998342  998340  998380
 1060981       6  998358  998335  998368  998388
 1060982       6  998353  998338  998375  998387
 1060985       6  998363  998397  998376  998343
 1060986       6  998345  998374  998396  998364
 1060988       6  998400  998360  998347  998371
 1060990       6  998377  998415  998365  998336
 1060992       6  998350  998369  998399  998374
 1060993       6  998387  998394  998361  998353
 1060995       6  998365  998411  997713  997714
 1061000       6  998371  998358  998388  998403
 1061001       6  998344  998382  998410  998391
 1061003       6  998352  998391  998409  998377
 1061004       6  998361  998401  998402  998366
 1061005       6  998370  998405  998393  998359
 1061009       6  998364  998396  998416  998379
 1061010       6  998422  998375  998360  998400
 1061011       6  998367  998404  998413  998372
 1061013       6  998378  998414  998405  998370
 1061015       6  998369  998389  998421  998399
 1061016       6  998372  998413  998419  998380
 1061018       6  998381  998420  998414  998378
 1061019       6  998423  998396  998374  998399
 1061020       6  998380  998419  998420  998381
 1061022       6  998387  998375  998422  998425
 1061025       6  998410  998382  998390  998429
 1061026       6  998397  998435  998407  998376
 1061027       6  998428  997712  997713  998411
 1061029       6  998371  998403  998443  998400
 1061032       6  998387  998425  998426  998394
 1061034       6  998406  998386  998412  998439
 1061036       6  998429  998390  998398  998433
 1061037       6  998401  998394  998426  998427
 1061038       6  998437  998421  998389  998408
 1061039       6  998391  998410  998447  998409
 1061041       6  998427  998444  998402  998401
 1061043       6  998405  998442  998431  998393
 1061044       6  998445  998416  998396  998423
 1061045       6  998446  998423  998399  998421
 1061046       6  998428  998451  997711  997712
 1061048       6  998450  998436  997701  997702
 1061051       6  998404  998441  998453  998413
 1061052       6  998422  998400  998443  998455
 1061053       6  998414  998454  998442  998405
 1061056       6  998438  998428  998411  998448
 1061058       6  998413  998453  998460  998419
 1061059       6  998420  998461  998454  998414
 1061060       6  998434  998406  998439  998467
 1061061       6  998435  998468  998440  998407
 1061062       6  998419  998460  998461  998420
 1061065       6  998463  998450  997702  997703
 1061067       6  997711  998451  998466  997710
 1061068       6  998427  998426  998462  998456
 1061071       6  998439  998412  998440  998475
 1061072       6  998410  998429  998479  998447
 1061073       6  998455  998474  998425  998422
 1061074       6  998421  998437  998472  998446
 1061076       6  998474  998462  998426  998425
 1061078       6  998476  998445  998423  998446
 1061080       6  998438  998478  998451  998428
 1061084       6  998469  998431  998442  998483
 1061085       6  998466  998488  997709  997710
 1061086       6  998449  998434  998467  998486
 1061087       6  998502  998463  997703  997704
 1061088       6  998487  998470  998436  998450
 1061090       6  998485  998473  998444  998456
 1061093       6  998488  998481  997708  997709
 1061094       6  998491  998453  998441  998480
 1061096       6  998454  998495  998483  998442
 1061097       6  998433  998473  998507  998477
 1061100       6  998481  998490  997707  997708
 1061102       6  998429  998477  998509  998479
 1061103       6  998467  998439  998475  998510
 1061104       6  998475  998440  998468  998511
 1061105       6  998496  998502  997704  997705
 1061108       6  998478  998504  998466  998451
 1061109       6  998446  998472  998508  998476
 1061110       6  997705  997706  998494  998496
 1061111       6  997706  997707  998490  998494
 1061112       6  998498  998460  998453  998491
 1061113       6  998501  998487  998450  998463
 1061114       6  998461  998500  998495  998454
 1061115       6  998465  998449  998486  998506
 1061116       6  998456  998462  998512  998485
 1061117       6  998500  998461  998460  998498
 1061118       6  998455  998471  998503  998492
 1061121       6  998471  998465  998506  998503
 1061123       6  998462  998474  998523  998512
 1061125       6  998515  998482  998479  998509
 1061126       6  998518  998507  998473  998485
 1061127       6  998504  998526  998488  998466
 1061128       6  998486  998467  998510  998521
 1061129       6  998513  998469  998483  998520
 1061131       6  998525  998516  998470  998487
 1061133       6  998514  998522  998490  998481
 1061135       6  998488  998526  998514  998481
 1061137       6  998477  998507  998528  998509
 1061139       6  998530  998523  998474  998492
 1061141       6  998510  998475  998511  998540
 1061142       6  998531  998491  998480  998517
 1061143       6  998495  998534  998520  998483
 1061144       6  998519  998484  998497  998536
 1061145       6  998532  998494  998490  998522
 1061146       6  998506  998486  998521  998537
 1061147       6  998535  998525  998487  998501
 1061148       6  998485  998512  998539  998518
 1061149       6  998532  998541  998496  998494
 1061150       6  998543  998498  998491  998531
 1061151       6  998492  998503  998538  998530
 1061153       6  998500  998545  998534  998495
 1061154       6  998496  998541  998544  998502
 1061155       6  998502  998544  998535  998501
 1061156       6  998545  998500  998498  998543
 1061159       6  998549  998528  998507  998518
 1061160       6  998515  998509  998528  998553
 1061166       6  998533  998557  998526  998504
 1061167       6  998521  998510  998540  998554
 1061168       6  998512  998523  998552  998539
 1061169       6  998546  998513  998520  998556
 1061171       6  998526  998557  998550  998514
 1061174       6  998517  998551  998564  998531
 1061175       6  998518  998539  998561  998549
 1061179       6  998562  998552  998523  998530
 1061180       6  998537  998521  998554  998565
 1061181       6  998556  998520  998534  998567
 1061182       6  998558  998519  998536  998568
 1061184       6  998559  998557  998533  998547
 1061185       6  998530  998538  998569  998562
 1061186       6  998579  998553  998528  998549
 1061188       6  998531  998564  998572  998543
 1061191       6  998567  998534  998545  998573
 1061195       6  998543  998572  998573  998545
 1061197       6  998539  998552  998578  998561
 1061198       6  998554  998540  998563  998582
 1061199       6  998563  998546  998556  998583
 1061200       6  998559  998547  998558  998581
 1061203       6  998549  998561  998590  998579
 1061204       6  998566  998550  998577  998585
 1061205       6  998559  998584  998577  998557
 1061206       6  998586  998578  998552  998562
 1061207       6  998551  998580  998588  998564
 1061208       6  998565  998554  998582  998589
 1061210       6  998583  998556  998567  998591
 1061214       6  998562  998569  998594  998586
 1061217       6  998596  998572  998564  998588
 1061218       6  998585  998598  998574  998566
 1061219       6  998581  998600  998584  998559
 1061220       6  998582  998563  998583  998601
 1061221       6  998591  998567  998573  998597
 1061223       6  998597  998573  998572  998596
 1061226       6  998585  998577  998584  998603
 1061231       6  998606  998588  998580  998592
 1061232       6  998589  998582  998601  998608
 1061233       6  998601  998583  998591  998609
 1061234       6  998611  998593  998579  998604
 1061235       6  998600  998610  998603  998584
 1061237       6  998603  998618  998598  998585
 1061238       6  998613  998596  998588  998606
 1061241       6  998609  998591  998597  998615
 1061243       6  998610  998600  998593  998611
 1061245       6  998615  998597  998596  998613
 1061246       6  998619  998604  998590  998605
 1061248       6  998620  998606  998592  998607
 1061249       6  998608  998601  998609  998621
 1061250       6  998622  998614  998598  998618
 1061251       6  998610  998623  998618  998603
 1061252       6  998624  998611  998604  998619
 1061253       6  998605  998612  998626  998619
 1061254       6  998627  998613  998606  998620
 1061255       6  998625  998620  998607  998616
 1061256       6  998621  998629  998617  998608
 1061257       6  998621  998609  998615  998628
 1061258       6  998611  998624  998623  998610
 1061259       6  998622  998625  998616  998614
 1061260       6  998629  998626  998612  998617
 1061261       6  998628  998615  998613  998627
 1061262       6  998623  998630  998622  998618
 1061263       6  998619  998626  998632  998624
 1061264       6  998631  998627  998620  998625
 1061265       6  998628  998633  998629  998621
 1061266       6  998630  998631  998625  998622
 1061267       6  998624  998632  998630  998623
 1061268       6  998633  998628  998627  998631
 1061269       6  998633  998632  998626  998629
 1061270       6  998632  998633  998631  998630
 1061271       6  996675  996674  998635  998634
 1061272       6  996676  996675  998634  998637
 1061273       6  998636  998635  996674  996673
 1061274       6  998639  998636  996673  996672
 1061275       6  998637  998638  996677  996676
 1061276       6  998638  998641  996678  996677
 1061277       6  998640  998639  996672  996671
 1061278       6  998647  998640  996671  996670
 1061279       6  996679  996678  998641  998646
 1061280       6  998634  998635  998643  998642
 1061281       6  998637  998634  998642  998645
 1061282       6  998644  998643  998635  998636
 1061283       6  998649  998644  998636  998639
 1061284       6  998645  998648  998638  998637
 1061285       6  996680  996679  998646  998653
 1061286       6  998652  998647  996670  996669
 1061287       6  998648  998651  998641  998638
 1061288       6  998639  998640  998650  998649
 1061289       6  998640  998647  998659  998650
 1061290       6  998646  998641  998651  998658
 1061291       6  998642  998643  998655  998654
 1061292       6  998663  998652  996669  996668
 1061293       6  996681  996680  998653  998662
 1061294       6  998656  998655  998643  998644
 1061295       6  998645  998642  998654  998657
 1061296       6  998661  998656  998644  998649
 1061297       6  998648  998645  998657  998660
 1061298       6  998653  998646  998658  998667
 1061299       6  998666  998659  998647  998652
 1061300       6  998651  998648  998660  998665
 1061301       6  998649  998650  998664  998661
 1061302       6  996682  996681  998662  998674
 1061303       6  998672  998663  996668  996667
 1061304       6  998650  998659  998675  998664
 1061305       6  998658  998651  998665  998673
 1061306       6  998654  998655  998669  998668
 1061307       6  998679  998666  998652  998663
 1061308       6  998662  998653  998667  998678
 1061309       6  998670  998669  998655  998656
 1061310       6  998657  998654  998668  998671
 1061311       6  998677  998670  998656  998661
 1061312       6  998671  998676  998660  998657
 1061313       6  998667  998658  998673  998683
 1061314       6  998682  998675  998659  998666
 1061315       6  998676  998681  998665  998660
 1061316       6  998680  998677  998661  998664
 1061317       6  998687  998672  996667  996666
 1061318       6  996683  996682  998674  998686
 1061319       6  998674  998662  998678  998692
 1061320       6  998690  998679  998663  998672
 1061321       6  998693  998680  998664  998675
 1061322       6  998673  998665  998681  998691
 1061323       6  998668  998669  998685  998684
 1061324       6  998697  998682  998666  998679
 1061325       6  998678  998667  998683  998696
 1061326       6  998671  998668  998684  998689
 1061327       6  998688  998685  998669  998670
 1061328       6  998695  998688  998670  998677
 1061329       6  998689  998694  998676  998671
 1061330       6  998683  998673  998691  998701
 1061331       6  998700  998693  998675  998682
 1061332       6  996684  996683  998686  998703
 1061333       6  998702  998687  996666  996665
 1061334       6  998694  998699  998681  998676
 1061335       6  998677  998680  998698  998695
 1061336       6  998707  998690  998672  998687
 1061337       6  998686  998674  998692  998706
 1061338       6  998692  998678  998696  998712
 1061339       6  998710  998697  998679  998690
 1061340       6  998680  998693  998713  998698
 1061341       6  998691  998681  998699  998711
 1061342       6  998684  998685  998705  998704
 1061343       6  998717  998700  998682  998697
 1061344       6  998696  998683  998701  998716
 1061345       6  998689  998684  998704  998709
 1061346       6  998708  998705  998685  998688
 1061347       6  998715  998708  998688  998695
 1061348       6  998694  998689  998709  998714
 1061349       6  998701  998691  998711  998721
 1061350       6  998720  998713  998693  998700
 1061351       6  998725  998702  996665  996664
 1061352       6  996685  996684  998703  998724
 1061353       6  998703  998686  998706  998723
 1061354       6  998722  998707  998687  998702
 1061355       6  998699  998694  998714  998719
 1061356       6  998695  998698  998718  998715
 1061357       6  998729  998710  998690  998707
 1061358       6  998706  998692  998712  998728
 1061359       6  998712  998696  998716  998734
 1061360       6  998732  998717  998697  998710
 1061361       6  998698  998713  998735  998718
 1061362       6  998711  998699  998719  998733
 1061363       6  998704  998705  998727  998726
 1061364       6  998739  998720  998700  998717
 1061365       6  998716  998701  998721  998738
 1061366       6  998709  998704  998726  998731
 1061367       6  998730  998727  998705  998708
 1061368       6  998737  998730  998708  998715
 1061369       6  998731  998736  998714  998709
 1061370       6  998721  998711  998733  998743
 1061371       6  998742  998735  998713  998720
 1061372       6  998747  998722  998702  998725
 1061373       6  998724  998703  998723  998746
 1061374       6  998723  998706  998728  998745
 1061375       6  998744  998729  998707  998722
 1061376       6  998736  998741  998719  998714
 1061377       6  998740  998737  998715  998718
 1061378       6  998724  998753  996686  996685
 1061379       6  998752  998725  996664  996663
 1061380       6  998751  998732  998710  998729
 1061381       6  998728  998712  998734  998750
 1061382       6  998734  998716  998738  998758
 1061383       6  998756  998739  998717  998732
 1061384       6  998759  998740  998718  998735
 1061385       6  998733  998719  998741  998757
 1061386       6  998726  998727  998749  998748
 1061387       6  998763  998742  998720  998739
 1061388       6  998738  998721  998743  998762
 1061389       6  998731  998726  998748  998755
 1061390       6  998754  998749  998727  998730
 1061391       6  998761  998754  998730  998737
 1061392       6  998755  998760  998736  998731
 1061393       6  998743  998733  998757  998767
 1061394       6  998766  998759  998735  998742
 1061395       6  998771  998744  998722  998747
 1061396       6  998746  998723  998745  998770
 1061397       6  998745  998728  998750  998769
 1061398       6  998768  998751  998729  998744
 1061399       6  998760  998765  998741  998736
 1061400       6  998737  998740  998764  998761
 1061401       6  998746  998777  998753  998724
 1061402       6  998776  998747  998725  998752
 1061403       6  998775  998756  998732  998751
 1061404       6  998750  998734  998758  998774
 1061405       6  998785  998752  996663  996662
 1061406       6  998753  998784  996687  996686
 1061407       6  998758  998738  998762  998782
 1061408       6  998780  998763  998739  998756
 1061409       6  998740  998759  998783  998764
 1061410       6  998757  998741  998765  998781
 1061411       6  998748  998749  998773  998772
 1061412       6  998789  998766  998742  998763
 1061413       6  998762  998743  998767  998788
 1061414       6  998778  998773  998749  998754
 1061415       6  998755  998748  998772  998779
 1061416       6  998787  998778  998754  998761
 1061417       6  998760  998755  998779  998786
 1061418       6  998767  998757  998781  998793
 1061419       6  998792  998783  998759  998766
 1061420       6  998797  998768  998744  998771
 1061421       6  998770  998745  998769  998796
 1061422       6  998769  998750  998774  998795
 1061423       6  998794  998775  998751  998768
 1061424       6  998765  998760  998786  998791
 1061425       6  998761  998764  998790  998787
 1061426       6  998777  998746  998770  998803
 1061427       6  998802  998771  998747  998776
 1061428       6  998801  998780  998756  998775
 1061429       6  998774  998758  998782  998800
 1061430       6  998752  998785  998811  998776
 1061431       6  998777  998810  998784  998753
 1061432       6  998782  998762  998788  998808
 1061433       6  998806  998789  998763  998780
 1061434       6  996688  996687  998784  998817
 1061435       6  998816  998785  996662  996661
 1061436       6  998764  998783  998809  998790
 1061437       6  998781  998765  998791  998807
 1061438       6  998772  998773  998799  998798
 1061439       6  998815  998792  998766  998789
 1061440       6  998788  998767  998793  998814
 1061441       6  998804  998799  998773  998778
 1061442       6  998779  998772  998798  998805
 1061443       6  998813  998804  998778  998787
 1061444       6  998805  998812  998786  998779
 1061445       6  998793  998781  998807  998821
 1061446       6  998820  998809  998783  998792
 1061447       6  998825  998794  998768  998797
 1061448       6  998796  998769  998795  998824
 1061449       6  998795  998774  998800  998823
 1061450       6  998822  998801  998775  998794
 1061451       6  998812  998819  998791  998786
 1061452       6  998818  998813  998787  998790
 1061453       6  998796  998831  998803  998770
 1061454       6  998830  998797  998771  998802
 1061455       6  998829  998806  998780  998801
 1061456       6  998800  998782  998808  998828
 1061457       6  998776  998811  998839  998802
 1061458       6  998810  998777  998803  998838
 1061459       6  998808  998788  998814  998836
 1061460       6  998834  998815  998789  998806
 1061461       6  998817  998784  998810  998845
 1061462       6  998785  998816  998844  998811
 1061463       6  998837  998818  998790  998809
 1061464       6  998807  998791  998819  998835
 1061465       6  998798  998799  998827  998826
 1061466       6  998843  998820  998792  998815
 1061467       6  998814  998793  998821  998842
 1061468       6  998805  998798  998826  998833
 1061469       6  998832  998827  998799  998804
 1061470       6  998851  998816  996661  996660
 1061471       6  996689  996688  998817  998850
 1061472       6  998841  998832  998804  998813
 1061473       6  998833  998840  998812  998805
 1061474       6  998821  998807  998835  998849
 1061475       6  998848  998837  998809  998820
 1061476       6  998855  998822  998794  998825
 1061477       6  998824  998795  998823  998854
 1061478       6  998823  998800  998828  998853
 1061479       6  998852  998829  998801  998822
 1061480       6  998813  998818  998846  998841
 1061481       6  998840  998847  998819  998812
 1061482       6  998824  998861  998831  998796
 1061483       6  998860  998825  998797  998830
 1061484       6  998859  998834  998806  998829
 1061485       6  998828  998808  998836  998858
 1061486       6  998869  998830  998802  998839
 1061487       6  998831  998868  998838  998803
 1061488       6  998836  998814  998842  998866
 1061489       6  998864  998843  998815  998834
 1061490       6  998845  998810  998838  998875
 1061491       6  998811  998844  998874  998839
 1061492       6  998818  998837  998867  998846
 1061493       6  998835  998819  998847  998865
 1061494       6  998826  998827  998857  998856
 1061495       6  998873  998848  998820  998843
 1061496       6  998842  998821  998849  998872
 1061497       6  998833  998826  998856  998863
 1061498       6  998862  998857  998827  998832
 1061499       6  998881  998844  998816  998851
 1061500       6  998850  998817  998845  998880
 1061501       6  998871  998862  998832  998841
 1061502       6  998840  998833  998863  998870
 1061503       6  998849  998835  998865  998879
 1061504       6  998878  998867  998837  998848
 1061505       6  996690  996689  998850  998893
 1061506       6  998892  998851  996660  996659
 1061507       6  998885  998852  998822  998855
 1061508       6  998854  998823  998853  998884
 1061509       6  998853  998828  998858  998883
 1061510       6  998882  998859  998829  998852
 1061511       6  998841  998846  998876  998871
 1061512       6  998847  998840  998870  998877
 1061513       6  998861  998824  998854  998891
 1061514       6  998890  998855  998825  998860
 1061515       6  998889  998864  998834  998859
 1061516       6  998858  998836  998866  998888
 1061517       6  998830  998869  998901  998860
 1061518       6  998861  998900  998868  998831
 1061519       6  998866  998842  998872  998898
 1061520       6  998896  998873  998843  998864
 1061521       6  998875  998838  998868  998907
 1061522       6  998906  998869  998839  998874
 1061523       6  998846  998867  998899  998876
 1061524       6  998865  998847  998877  998897
 1061525       6  998856  998857  998887  998886
 1061526       6  998905  998878  998848  998873
 1061527       6  998872  998849  998879  998904
 1061528       6  998863  998856  998886  998895
 1061529       6  998894  998887  998857  998862
 1061530       6  998913  998874  998844  998881
 1061531       6  998880  998845  998875  998912
 1061532       6  998903  998894  998862  998871
 1061533       6  998895  998902  998870  998863
 1061534       6  998910  998899  998867  998878
 1061535       6  998879  998865  998897  998911
 1061536       6  998893  998850  998880  998925
 1061537       6  998924  998881  998851  998892
 1061538       6  998917  998882  998852  998885
 1061539       6  998884  998853  998883  998916
 1061540       6  998883  998858  998888  998915
 1061541       6  998914  998889  998859  998882
 1061542       6  998908  998903  998871  998876
 1061543       6  998902  998909  998877  998870
 1061544       6  998884  998923  998891  998854
 1061545       6  998922  998885  998855  998890
 1061546       6  998921  998896  998864  998889
 1061547       6  998888  998866  998898  998920
 1061548       6  998860  998901  998933  998890
 1061549       6  998900  998861  998891  998932
 1061550       6  998898  998872  998904  998930
 1061551       6  998928  998905  998873  998896
 1061552       6  998939  998892  996659  996658
 1061553       6  998893  998938  996691  996690
 1061554       6  998907  998868  998900  998941
 1061555       6  998869  998906  998940  998901
 1061556       6  998931  998908  998876  998899
 1061557       6  998897  998877  998909  998929
 1061558       6  998886  998887  998919  998918
 1061559       6  998937  998910  998878  998905
 1061560       6  998904  998879  998911  998936
 1061561       6  998895  998886  998918  998927
 1061562       6  998926  998919  998887  998894
 1061563       6  998947  998906  998874  998913
 1061564       6  998912  998875  998907  998946
 1061565       6  998935  998926  998894  998903
 1061566       6  998927  998934  998902  998895
 1061567       6  998944  998931  998899  998910
 1061568       6  998911  998897  998929  998945
 1061569       6  998925  998880  998912  998959
 1061570       6  998958  998913  998881  998924
 1061571       6  998951  998914  998882  998917
 1061572       6  998916  998883  998915  998950
 1061573       6  998915  998888  998920  998949
 1061574       6  998948  998921  998889  998914
 1061575       6  998903  998908  998942  998935
 1061576       6  998934  998943  998909  998902
 1061577       6  998916  998957  998923  998884
 1061578       6  998956  998917  998885  998922
 1061579       6  998955  998928  998896  998921
 1061580       6  998920  998898  998930  998954
 1061581       6  998967  998922  998890  998933
 1061582       6  998923  998966  998932  998891
 1061583       6  998930  998904  998936  998964
 1061584       6  998962  998937  998905  998928
 1061585       6  998973  998924  998892  998939
 1061586       6  998925  998972  998938  998893
 1061587       6  998941  998900  998932  998975
 1061588       6  998901  998940  998974  998933
 1061589       6  998908  998931  998965  998942
 1061590       6  998929  998909  998943  998963
 1061591       6  998918  998919  998953  998952
 1061592       6  998971  998944  998910  998937
 1061593       6  998936  998911  998945  998970
 1061594       6  998960  998953  998919  998926
 1061595       6  998927  998918  998952  998961
 1061596       6  998981  998940  998906  998947
 1061597       6  998946  998907  998941  998980
 1061598       6  998938  998983  996692  996691
 1061599       6  998982  998939  996658  996657
 1061600       6  998969  998960  998926  998935
 1061601       6  998934  998927  998961  998968
 1061602       6  998945  998929  998963  998979
 1061603       6  998978  998965  998931  998944
 1061604       6  998959  998912  998946  998995
 1061605       6  998994  998947  998913  998958
 1061606       6  998987  998948  998914  998951
 1061607       6  998950  998915  998949  998986
 1061608       6  998949  998920  998954  998985
 1061609       6  998984  998955  998921  998948
 1061610       6  998943  998934  998968  998977
 1061611       6  998935  998942  998976  998969
 1061612       6  998957  998916  998950  998993
 1061613       6  998992  998951  998917  998956
 1061614       6  998991  998962  998928  998955
 1061615       6  998954  998930  998964  998990
 1061616       6  998922  998967  999003  998956
 1061617       6  998957  999002  998966  998923
 1061618       6  998964  998936  998970  999000
 1061619       6  998998  998971  998937  998962
 1061620       6  999009  998958  998924  998973
 1061621       6  998972  998925  998959  999008
 1061622       6  998975  998932  998966  999011
 1061623       6  999010  998967  998933  998974
 1061624       6  998942  998965  999001  998976
 1061625       6  998963  998943  998977  998999
 1061626       6  998952  998953  998989  998988
 1061627       6  999007  998978  998944  998971
 1061628       6  998970  998945  998979  999006
 1061629       6  998996  998989  998953  998960
 1061630       6  998961  998952  998988  998997
 1061631       6  999017  998974  998940  998981
 1061632       6  998980  998941  998975  999016
 1061633       6  998972  999019  998983  998938
 1061634       6  998939  998982  999018  998973
 1061635       6  999005  998996  998960  998969
 1061636       6  998997  999004  998968  998961
 1061637       6  998979  998963  998999  999015
 1061638       6  999014  999001  998965  998978
 1061639       6  998995  998946  998980  999031
 1061640       6  999030  998981  998947  998994
 1061641       6  999023  998984  998948  998987
 1061642       6  998986  998949  998985  999022
 1061643       6  998985  998954  998990  999021
 1061644       6  999020  998991  998955  998984
 1061645       6  999004  999013  998977  998968
 1061646       6  999012  999005  998969  998976
 1061647       6  998986  999029  998993  998950
 1061648       6  999028  998987  998951  998992
 1061649       6  999039  998982  996657  996656
 1061650       6  996693  996692  998983  999038
 1061651       6  999027  998998  998962  998991
 1061652       6  998990  998964  999000  999026
 1061653       6  998956  999003  999041  998992
 1061654       6  999002  998957  998993  999040
 1061655       6  999000  998970  999006  999036
 1061656       6  999034  999007  998971  998998
 1061657       6  999047  998994  998958  999009
 1061658       6  998995  999046  999008  998959
 1061659       6  999011  998966  999002  999049
 1061660       6  998967  999010  999048  999003
 1061661       6  999037  999012  998976  999001
 1061662       6  998999  998977  999013  999035
 1061663       6  998988  998989  999025  999024
 1061664       6  999045  999014  998978  999007
 1061665       6  999006  998979  999015  999044
 1061666       6  998997  998988  999024  999033
 1061667       6  999032  999025  998989  998996
 1061668       6  999055  999010  998974  999017
 1061669       6  999016  998975  999011  999054
 1061670       6  999019  998972  999008  999057
 1061671       6  998973  999018  999056  999009
 1061672       6  999043  999032  998996  999005
 1061673       6  999033  999042  999004  998997
 1061674       6  999015  998999  999035  999053
 1061675       6  999052  999037  999001  999014
 1061676       6  999031  998980  999016  999069
 1061677       6  999068  999017  998981  999030
 1061678       6  999061  999020  998984  999023
 1061679       6  999022  998985  999021  999060
 1061680       6  999021  998990  999026  999059
 1061681       6  999058  999027  998991  999020
 1061682       6  999042  999051  999013  999004
 1061683       6  999005  999012  999050  999043
 1061684       6  999022  999067  999029  998986
 1061685       6  999066  999023  998987  999028
 1061686       6  998982  999039  999077  999018
 1061687       6  999038  998983  999019  999076
 1061688       6  999065  999034  998998  999027
 1061689       6  999026  999000  999036  999064
 1061690       6  999079  999028  998992  999041
 1061691       6  999029  999078  999040  998993
 1061692       6  999036  999006  999044  999074
 1061693       6  999072  999045  999007  999034
 1061694       6  999085  999030  998994  999047
 1061695       6  999031  999084  999046  998995
 1061696       6  999049  999002  999040  999087
 1061697       6  999003  999048  999086  999041
 1061698       6  999012  999037  999075  999050
 1061699       6  999035  999013  999051  999073
 1061700       6  996694  996693  999038  999088
 1061701       6  999089  999039  996656  996655
 1061702       6  999024  999025  999063  999062
 1061703       6  999083  999052  999014  999045
 1061704       6  999044  999015  999053  999082
 1061705       6  999033  999024  999062  999071
 1061706       6  999070  999063  999025  999032
 1061707       6  999095  999048  999010  999055
 1061708       6  999054  999011  999049  999094
 1061709       6  999046  999097  999057  999008
 1061710       6  999096  999047  999009  999056
 1061711       6  999081  999070  999032  999043
 1061712       6  999042  999033  999071  999080
 1061713       6  999053  999035  999073  999093
 1061714       6  999092  999075  999037  999052
 1061715       6  999069  999016  999054  999109
 1061716       6  999108  999055  999017  999068
 1061717       6  999101  999058  999020  999061
 1061718       6  999060  999021  999059  999100
 1061719       6  999059  999026  999064  999099
 1061720       6  999098  999065  999027  999058
 1061721       6  999051  999042  999080  999091
 1061722       6  999043  999050  999090  999081
 1061723       6  999067  999022  999060  999107
 1061724       6  999106  999061  999023  999066
 1061725       6  999018  999077  999117  999056
 1061726       6  999076  999019  999057  999116
 1061727       6  999105  999072  999034  999065
 1061728       6  999064  999036  999074  999104
 1061729       6  999028  999079  999119  999066
 1061730       6  999067  999118  999078  999029
 1061731       6  999074  999044  999082  999114
 1061732       6  999112  999083  999045  999072
 1061733       6  999125  999068  999030  999085
 1061734       6  999084  999031  999069  999124
 1061735       6  999087  999040  999078  999127
 1061736       6  999126  999079  999041  999086
 1061737       6  999050  999075  999115  999090
 1061738       6  999073  999051  999091  999113
 1061739       6  999088  999038  999076  999128
 1061740       6  999129  999077  999039  999089
 1061741       6  999062  999063  999103  999102
 1061742       6  999123  999092  999052  999083
 1061743       6  999082  999053  999093  999122
 1061744       6  999071  999062  999102  999111
 1061745       6  999110  999103  999063  999070
 1061746       6  999135  999086  999048  999095
 1061747       6  999094  999049  999087  999134
 1061748       6  999084  999137  999097  999046
 1061749       6  999047  999096  999136  999085
 1061750       6  999121  999110  999070  999081
 1061751       6  999111  999120  999080  999071
 1061752       6  999146  999089  996655  996654
 1061753       6  996695  996694  999088  999147
 1061754       6  999093  999073  999113  999133
 1061755       6  999132  999115  999075  999092
 1061756       6  999109  999054  999094  999151
 1061757       6  999150  999095  999055  999108
 1061758       6  999141  999098  999058  999101
 1061759       6  999100  999059  999099  999140
 1061760       6  999099  999064  999104  999139
 1061761       6  999138  999105  999065  999098
 1061762       6  999120  999131  999091  999080
 1061763       6  999130  999121  999081  999090
 1061764       6  999100  999149  999107  999060
 1061765       6  999148  999101  999061  999106
 1061766       6  999159  999096  999056  999117
 1061767       6  999116  999057  999097  999158
 1061768       6  999145  999112  999072  999105
 1061769       6  999104  999074  999114  999144
 1061770       6  999066  999119  999161  999106
 1061771       6  999118  999067  999107  999160
 1061772       6  999114  999082  999122  999156
 1061773       6  999154  999123  999083  999112
 1061774       6  999167  999108  999068  999125
 1061775       6  999109  999166  999124  999069
 1061776       6  999127  999078  999118  999169
 1061777       6  999079  999126  999168  999119
 1061778       6  999157  999130  999090  999115
 1061779       6  999113  999091  999131  999155
 1061780       6  999128  999076  999116  999170
 1061781       6  999171  999117  999077  999129
 1061782       6  999102  999103  999143  999142
 1061783       6  999165  999132  999092  999123
 1061784       6  999122  999093  999133  999164
 1061785       6  999111  999102  999142  999153
 1061786       6  999152  999143  999103  999110
 1061787       6  999177  999126  999086  999135
 1061788       6  999134  999087  999127  999176
 1061789       6  999137  999084  999124  999179
 1061790       6  999085  999136  999178  999125
 1061791       6  999163  999152  999110  999121
 1061792       6  999153  999162  999120  999111
 1061793       6  999188  999129  999089  999146
 1061794       6  999147  999088  999128  999189
 1061795       6  999133  999113  999155  999175
 1061796       6  999174  999157  999115  999132
 1061797       6  999151  999094  999134  999193
 1061798       6  999192  999135  999095  999150
 1061799       6  999183  999138  999098  999141
 1061800       6  999140  999099  999139  999182
 1061801       6  999139  999104  999144  999181
 1061802       6  999180  999145  999105  999138
 1061803       6  999162  999173  999131  999120
 1061804       6  999121  999130  999172  999163
 1061805       6  999140  999191  999149  999100
 1061806       6  999190  999141  999101  999148
 1061807       6  999096  999159  999201  999136
 1061808       6  999158  999097  999137  999200
 1061809       6  999187  999154  999112  999145
 1061810       6  999144  999114  999156  999186
 1061811       6  999203  999148  999106  999161
 1061812       6  999149  999202  999160  999107
 1061813       6  999147  999208  996696  996695
 1061814       6  999209  999146  996654  996653
 1061815       6  999156  999122  999164  999198
 1061816       6  999196  999165  999123  999154
 1061817       6  999211  999150  999108  999167
 1061818       6  999151  999210  999166  999109
 1061819       6  999169  999118  999160  999213
 1061820       6  999119  999168  999212  999161
 1061821       6  999130  999157  999199  999172
 1061822       6  999155  999131  999173  999197
 1061823       6  999170  999116  999158  999214
 1061824       6  999215  999159  999117  999171
 1061825       6  999142  999143  999185  999184
 1061826       6  999207  999174  999132  999165
 1061827       6  999164  999133  999175  999206
 1061828       6  999194  999185  999143  999152
 1061829       6  999153  999142  999184  999195
 1061830       6  999221  999168  999126  999177
 1061831       6  999176  999127  999169  999220
 1061832       6  999166  999223  999179  999124
 1061833       6  999222  999167  999125  999178
 1061834       6  999205  999194  999152  999163
 1061835       6  999162  999153  999195  999204
 1061836       6  999232  999171  999129  999188
 1061837       6  999189  999128  999170  999233
 1061838       6  999175  999155  999197  999219
 1061839       6  999218  999199  999157  999174
 1061840       6  999193  999134  999176  999237
 1061841       6  999236  999177  999135  999192
 1061842       6  999227  999180  999138  999183
 1061843       6  999182  999139  999181  999226
 1061844       6  999181  999144  999186  999225
 1061845       6  999224  999187  999145  999180
 1061846       6  999173  999162  999204  999217
 1061847       6  999163  999172  999216  999205
 1061848       6  999191  999140  999182  999235
 1061849       6  999234  999183  999141  999190
 1061850       6  999136  999201  999245  999178
 1061851       6  999200  999137  999179  999244
 1061852       6  999231  999196  999154  999187
 1061853       6  999186  999156  999198  999230
 1061854       6  999148  999203  999247  999190
 1061855       6  999191  999246  999202  999149
 1061856       6  999189  999252  999208  999147
 1061857       6  999253  999188  999146  999209
 1061858       6  999198  999164  999206  999242
 1061859       6  999240  999207  999165  999196
 1061860       6  999255  999192  999150  999211
 1061861       6  999210  999151  999193  999254
 1061862       6  999213  999160  999202  999257
 1061863       6  999256  999203  999161  999212
 1061864       6  999172  999199  999243  999216
 1061865       6  999197  999173  999217  999241
 1061866       6  999214  999158  999200  999258
 1061867       6  999259  999201  999159  999215
 1061868       6  999184  999185  999229  999228
 1061869       6  999251  999218  999174  999207
 1061870       6  999206  999175  999219  999250
 1061871       6  999238  999229  999185  999194
 1061872       6  999195  999184  999228  999239
 1061873       6  999266  999209  996653  996652
 1061874       6  999208  999267  996697  996696
 1061875       6  999265  999212  999168  999221
 1061876       6  999220  999169  999213  999264
 1061877       6  999210  999269  999223  999166
 1061878       6  999167  999222  999268  999211
 1061879       6  999249  999238  999194  999205
 1061880       6  999239  999248  999204  999195
 1061881       6  999278  999215  999171  999232
 1061882       6  999233  999170  999214  999279
 1061883       6  999219  999197  999241  999263
 1061884       6  999262  999243  999199  999218
 1061885       6  999237  999176  999220  999283
 1061886       6  999282  999221  999177  999236
 1061887       6  999273  999224  999180  999227
 1061888       6  999226  999181  999225  999272
 1061889       6  999225  999186  999230  999271
 1061890       6  999270  999231  999187  999224
 1061891       6  999248  999261  999217  999204
 1061892       6  999260  999249  999205  999216
 1061893       6  999226  999281  999235  999182
 1061894       6  999280  999227  999183  999234
 1061895       6  999291  999222  999178  999245
 1061896       6  999244  999179  999223  999290
 1061897       6  999277  999240  999196  999231
 1061898       6  999230  999198  999242  999276
 1061899       6  999190  999247  999293  999234
 1061900       6  999246  999191  999235  999292
 1061901       6  999252  999189  999233  999298
 1061902       6  999299  999232  999188  999253
 1061903       6  999242  999206  999250  999288
 1061904       6  999286  999251  999207  999240
 1061905       6  999301  999236  999192  999255
 1061906       6  999237  999300  999254  999193
 1061907       6  999257  999202  999246  999303
 1061908       6  999203  999256  999302  999247
 1061909       6  999289  999260  999216  999243
 1061910       6  999241  999217  999261  999287
 1061911       6  999258  999200  999244  999304
 1061912       6  999305  999245  999201  999259
 1061913       6  999228  999229  999275  999274
 1061914       6  999297  999262  999218  999251
 1061915       6  999250  999219  999263  999296
 1061916       6  999239  999228  999274  999285
 1061917       6  999284  999275  999229  999238
 1061918       6  999209  999266  999312  999253
 1061919       6  999252  999313  999267  999208
 1061920       6  999311  999256  999212  999265
 1061921       6  999264  999213  999257  999310
 1061922       6  999269  999210  999254  999315
 1061923       6  999211  999268  999314  999255
 1061924       6  999295  999284  999238  999249
 1061925       6  999285  999294  999248  999239
 1061926       6  999322  999259  999215  999278
 1061927       6  999279  999214  999258  999323
 1061928       6  999263  999241  999287  999309
 1061929       6  999308  999289  999243  999262
 1061930       6  999283  999220  999264  999327
 1061931       6  999326  999265  999221  999282
 1061932       6  996698  996697  999267  999328
 1061933       6  999329  999266  996652  996651
 1061934       6  999319  999270  999224  999273
 1061935       6  999272  999225  999271  999318
 1061936       6  999271  999230  999276  999317
 1061937       6  999316  999277  999231  999270
 1061938       6  999294  999307  999261  999248
 1061939       6  999249  999260  999306  999295
 1061940       6  999272  999325  999281  999226
 1061941       6  999324  999273  999227  999280
 1061942       6  999222  999291  999335  999268
 1061943       6  999290  999223  999269  999334
 1061944       6  999321  999286  999240  999277
 1061945       6  999276  999242  999288  999320
 1061946       6  999337  999280  999234  999293
 1061947       6  999281  999336  999292  999235
 1061948       6  999279  999340  999298  999233
 1061949       6  999341  999278  999232  999299
 1061950       6  999288  999250  999296  999332
 1061951       6  999330  999297  999251  999286
 1061952       6  999343  999282  999236  999301
 1061953       6  999283  999342  999300  999237
 1061954       6  999303  999246  999292  999345
 1061955       6  999247  999302  999344  999293
 1061956       6  999260  999289  999333  999306
 1061957       6  999287  999261  999307  999331
 1061958       6  999304  999244  999290  999346
 1061959       6  999347  999291  999245  999305
 1061960       6  999274  999275  997669  997668
 1061961       6  999339  999308  999262  999297
 1061962       6  999296  999263  999309  999338
 1061963       6  999285  999274  997668  997667
 1061964       6  997670  997669  999275  999284
 1061965       6  999253  999312  999352  999299
 1061966       6  999313  999252  999298  999353
 1061967       6  999351  999302  999256  999311
 1061968       6  999310  999257  999303  999350
 1061969       6  999300  999355  999315  999254
 1061970       6  999354  999301  999255  999314
 1061971       6  997671  997670  999284  999295
 1061972       6  999294  999285  997667  997666
 1061973       6  999362  999305  999259  999322
 1061974       6  999323  999258  999304  999363
 1061975       6  999309  999287  999331  999349
 1061976       6  999348  999333  999289  999308
 1061977       6  999327  999264  999310  999367
 1061978       6  999366  999311  999265  999326
 1061979       6  999328  999267  999313  999368
 1061980       6  999266  999329  999369  999312
 1061981       6  999359  999316  999270  999319
 1061982       6  999318  999271  999317  999358
 1061983       6  999317  999276  999320  999357
 1061984       6  999356  999321  999277  999316
 1061985       6  999307  999294  997666  997665
 1061986       6  999295  999306  997672  997671
 1061987       6  999325  999272  999318  999365
 1061988       6  999364  999319  999273  999324
 1061989       6  999268  999335  999373  999314
 1061990       6  999334  999269  999315  999372
 1061991       6  999361  999330  999286  999321
 1061992       6  999320  999288  999332  999360
 1061993       6  999280  999337  999375  999324
 1061994       6  999325  999374  999336  999281
 1061995       6  999323  999380  999340  999279
 1061996       6  999381  999322  999278  999341
 1061997       6  999332  999296  999338  999371
 1061998       6  999370  999339  999297  999330
 1061999       6  999378  999329  996651  996650
 1062000       6  996699  996698  999328  999379
 1062001       6  999383  999326  999282  999343
 1062002       6  999342  999283  999327  999382
 1062003       6  999345  999292  999336  999385
 1062004       6  999384  999337  999293  999344
 1062005       6  999306  999333  997673  997672
 1062006       6  999331  999307  997665  997664
 1062007       6  999346  999290  999334  999386
 1062008       6  999387  999335  999291  999347
 1062009       6  999377  999348  999308  999339
 1062010       6  999338  999309  999349  999376
 1062011       6  999390  999341  999299  999352
 1062012       6  999340  999391  999353  999298
 1062013       6  999389  999344  999302  999351
 1062014       6  999350  999303  999345  999388
 1062015       6  999342  999393  999355  999300
 1062016       6  999301  999354  999392  999343
 1062017       6  999400  999347  999305  999362
 1062018       6  999363  999304  999346  999401
 1062019       6  999349  999331  997664  997663
 1062020       6  997674  997673  999333  999348
 1062021       6  999367  999310  999350  999405
 1062022       6  999404  999351  999311  999366
 1062023       6  999368  999313  999353  999406
 1062024       6  999312  999369  999407  999352
 1062025       6  999397  999356  999316  999359
 1062026       6  999358  999317  999357  999396
 1062027       6  999357  999320  999360  999395
 1062028       6  999394  999361  999321  999356
 1062029       6  999358  999403  999365  999318
 1062030       6  999402  999359  999319  999364
 1062031       6  999411  999354  999314  999373
 1062032       6  999372  999315  999355  999410
 1062033       6  999399  999370  999330  999361
 1062034       6  999360  999332  999371  999398
 1062035       6  999324  999375  999413  999364
 1062036       6  999374  999325  999365  999412
 1062037       6  999380  999323  999363  999416
 1062038       6  999417  999362  999322  999381
 1062039       6  999371  999338  999376  999409
 1062040       6  999408  999377  999339  999370
 1062041       6  999414  999369  999329  999378
 1062042       6  999379  999328  999368  999415
 1062043       6  999419  999366  999326  999383
 1062044       6  999367  999418  999382  999327
 1062045       6  999385  999336  999374  999421
 1062046       6  999337  999384  999420  999375
 1062047       6  999386  999334  999372  999424
 1062048       6  999425  999373  999335  999387
 1062049       6  996700  996699  999379  999422
 1062050       6  999423  999378  996650  996649
 1062051       6  997675  997674  999348  999377
 1062052       6  999376  999349  997663  997662
 1062053       6  999341  999390  999428  999381
 1062054       6  999380  999429  999391  999340
 1062055       6  999427  999384  999344  999389
 1062056       6  999388  999345  999385  999426
 1062057       6  999393  999342  999382  999431
 1062058       6  999343  999392  999430  999383
 1062059       6  999438  999387  999347  999400
 1062060       6  999401  999346  999386  999439
 1062061       6  999405  999350  999388  999443
 1062062       6  999442  999389  999351  999404
 1062063       6  999406  999353  999391  999444
 1062064       6  999445  999390  999352  999407
 1062065       6  999435  999394  999356  999397
 1062066       6  999396  999357  999395  999434
 1062067       6  999395  999360  999398  999433
 1062068       6  999432  999399  999361  999394
 1062069       6  999396  999441  999403  999358
 1062070       6  999440  999397  999359  999402
 1062071       6  999354  999411  999447  999392
 1062072       6  999410  999355  999393  999446
 1062073       6  999437  999408  999370  999399
 1062074       6  999398  999371  999409  999436
 1062075       6  999449  999402  999364  999413
 1062076       6  999403  999448  999412  999365
 1062077       6  999401  999452  999416  999363
 1062078       6  999453  999400  999362  999417
 1062079       6  999409  999376  997662  997661
 1062080       6  997676  997675  999377  999408
 1062081       6  999450  999407  999369  999414
 1062082       6  999415  999368  999406  999451
 1062083       6  999455  999404  999366  999419
 1062084       6  999405  999454  999418  999367
 1062085       6  999421  999374  999412  999457
 1062086       6  999375  999420  999456  999413
 1062087       6  999424  999372  999410  999460
 1062088       6  999461  999411  999373  999425
 1062089       6  999422  999379  999415  999458
 1062090       6  999459  999414  999378  999423
 1062091       6  999381  999428  999464  999417
 1062092       6  999429  999380  999416  999465
 1062093       6  999463  999420  999384  999427
 1062094       6  999426  999385  999421  999462
 1062095       6  999418  999469  999431  999382
 1062096       6  999468  999419  999383  999430
 1062097       6  999466  999423  996649  996648
 1062098       6  996701  996700  999422  999467
 1062099       6  999474  999425  999387  999438
 1062100       6  999439  999386  999424  999475
 1062101       6  999443  999388  999426  999479
 1062102       6  999478  999427  999389  999442
 1062103       6  999444  999391  999429  999480
 1062104       6  999390  999445  999481  999428
 1062105       6  999473  999432  999394  999435
 1062106       6  999434  999395  999433  999472
 1062107       6  999433  999398  999436  999471
 1062108       6  999470  999437  999399  999432
 1062109       6  999441  999396  999434  999477
 1062110       6  999476  999435  999397  999440
 1062111       6  999392  999447  999483  999430
 1062112       6  999446  999393  999431  999482
 1062113       6  997677  997676  999408  999437
 1062114       6  999436  999409  997661  997660
 1062115       6  999402  999449  999485  999440
 1062116       6  999441  999484  999448  999403
 1062117       6  999439  999488  999452  999401
 1062118       6  999489  999438  999400  999453
 1062119       6  999486  999445  999407  999450
 1062120       6  999451  999406  999444  999487
 1062121       6  999491  999442  999404  999455
 1062122       6  999454  999405  999443  999490
 1062123       6  999457  999412  999448  999493
 1062124       6  999492  999449  999413  999456
 1062125       6  999460  999410  999446  999496
 1062126       6  999497  999447  999411  999461
 1062127       6  999458  999415  999451  999494
 1062128       6  999495  999450  999414  999459
 1062129       6  999500  999453  999417  999464
 1062130       6  999452  999501  999465  999416
 1062131       6  999499  999456  999420  999463
 1062132       6  999462  999421  999457  999498
 1062133       6  999454  999505  999469  999418
 1062134       6  999419  999468  999504  999455
 1062135       6  999502  999459  999423  999466
 1062136       6  999467  999422  999458  999503
 1062137       6  999510  999461  999425  999474
 1062138       6  999475  999424  999460  999511
 1062139       6  996702  996701  999467  999506
 1062140       6  999507  999466  996648  996647
 1062141       6  999479  999426  999462  999515
 1062142       6  999514  999463  999427  999478
 1062143       6  999480  999429  999465  999516
 1062144       6  999428  999481  999517  999464
 1062145       6  999509  999470  999432  999473
 1062146       6  999472  999433  999471  999508
 1062147       6  999471  999436  997660  997659
 1062148       6  997678  997677  999437  999470
 1062149       6  999472  999513  999477  999434
 1062150       6  999512  999473  999435  999476
 1062151       6  999519  999468  999430  999483
 1062152       6  999482  999431  999469  999518
 1062153       6  999440  999485  999521  999476
 1062154       6  999484  999441  999477  999520
 1062155       6  999488  999439  999475  999524
 1062156       6  999525  999474  999438  999489
 1062157       6  999522  999481  999445  999486
 1062158       6  999487  999444  999480  999523
 1062159       6  999527  999478  999442  999491
 1062160       6  999479  999526  999490  999443
 1062161       6  999493  999448  999484  999529
 1062162       6  999449  999492  999528  999485
 1062163       6  999496  999446  999482  999532
 1062164       6  999533  999483  999447  999497
 1062165       6  999494  999451  999487  999530
 1062166       6  999531  999486  999450  999495
 1062167       6  999453  999500  999536  999489
 1062168       6  999488  999537  999501  999452
 1062169       6  999535  999492  999456  999499
 1062170       6  999498  999457  999493  999534
 1062171       6  999505  999454  999490  999541
 1062172       6  999455  999504  999540  999491
 1062173       6  999538  999495  999459  999502
 1062174       6  999503  999458  999494  999539
 1062175       6  999546  999497  999461  999510
 1062176       6  999511  999460  999496  999547
 1062177       6  999506  999467  999503  999542
 1062178       6  999543  999502  999466  999507
 1062179       6  999544  999507  996647  996646
 1062180       6  996703  996702  999506  999545
 1062181       6  999515  999462  999498  999551
 1062182       6  999550  999499  999463  999514
 1062183       6  999516  999465  999501  999552
 1062184       6  999553  999500  999464  999517
 1062185       6  997679  997678  999470  999509
 1062186       6  999508  999471  997659  997658
 1062187       6  999508  999549  999513  999472
 1062188       6  999548  999509  999473  999512
 1062189       6  999468  999519  999555  999504
 1062190       6  999518  999469  999505  999554
 1062191       6  999557  999512  999476  999521
 1062192       6  999513  999556  999520  999477
 1062193       6  999511  999560  999524  999475
 1062194       6  999561  999510  999474  999525
 1062195       6  999558  999517  999481  999522
 1062196       6  999523  999480  999516  999559
 1062197       6  999563  999514  999478  999527
 1062198       6  999515  999562  999526  999479
 1062199       6  999529  999484  999520  999565
 1062200       6  999485  999528  999564  999521
 1062201       6  999532  999482  999518  999568
 1062202       6  999569  999519  999483  999533
 1062203       6  999530  999487  999523  999566
 1062204       6  999567  999522  999486  999531
 1062205       6  999489  999536  999572  999525
 1062206       6  999537  999488  999524  999573
 1062207       6  999571  999528  999492  999535
 1062208       6  999534  999493  999529  999570
 1062209       6  999526  999577  999541  999490
 1062210       6  999576  999527  999491  999540
 1062211       6  999574  999531  999495  999538
 1062212       6  999539  999494  999530  999575
 1062213       6  999584  999533  999497  999546
 1062214       6  999547  999496  999532  999585
 1062215       6  999542  999503  999539  999580
 1062216       6  999581  999538  999502  999543
 1062217       6  996704  996703  999545  999578
 1062218       6  999579  999544  996646  996721
 1062219       6  999582  999543  999507  999544
 1062220       6  999545  999506  999542  999583
 1062221       6  999551  999498  999534  999587
 1062222       6  999586  999535  999499  999550
 1062223       6  999552  999501  999537  999588
 1062224       6  999500  999553  999589  999536
 1062225       6  999549  999508  997658  997657
 1062226       6  997680  997679  999509  999548
 1062227       6  999504  999555  999591  999540
 1062228       6  999554  999505  999541  999590
 1062229       6  999512  999557  999593  999548
 1062230       6  999549  999592  999556  999513
 1062231       6  999547  999596  999560  999511
 1062232       6  999597  999546  999510  999561
 1062233       6  999594  999553  999517  999558
 1062234       6  999559  999516  999552  999595
 1062235       6  999599  999550  999514  999563
 1062236       6  999562  999515  999551  999598
 1062237       6  999565  999520  999556  999601
 1062238       6  999600  999557  999521  999564
 1062239       6  999568  999518  999554  999604
 1062240       6  999605  999555  999519  999569
 1062241       6  999566  999523  999559  999602
 1062242       6  999603  999558  999522  999567
 1062243       6  999610  999561  999525  999572
 1062244       6  999560  999611  999573  999524
 1062245       6  999609  999564  999528  999571
 1062246       6  999570  999529  999565  999608
 1062247       6  999562  999615  999577  999526
 1062248       6  999527  999576  999614  999563
 1062249       6  999612  999567  999531  999574
 1062250       6  999575  999530  999566  999613
 1062251       6  999606  999579  996721  996720
 1062252       6  999578  999607  996705  996704
 1062253       6  999622  999569  999533  999584
 1062254       6  999585  999532  999568  999623
 1062255       6  999580  999539  999575  999618
 1062256       6  999619  999574  999538  999581
 1062257       6  999578  999545  999583  999616
 1062258       6  999617  999582  999544  999579
 1062259       6  999620  999581  999543  999582
 1062260       6  999583  999542  999580  999621
 1062261       6  999587  999534  999570  999625
 1062262       6  999624  999571  999535  999586
 1062263       6  999588  999537  999573  999626
 1062264       6  999536  999589  999627  999572
 1062265       6  999629  999576  999540  999591
 1062266       6  999590  999541  999577  999628
 1062267       6  999548  999593  997681  997680
 1062268       6  999592  999549  997657  997656
 1062269       6  999596  999547  999585  999632
 1062270       6  999633  999584  999546  999597
 1062271       6  999630  999589  999553  999594
 1062272       6  999595  999552  999588  999631
 1062273       6  999635  999586  999550  999599
 1062274       6  999587  999634  999598  999551
 1062275       6  999601  999556  999592  999637
 1062276       6  999557  999600  999636  999593
 1062277       6  999604  999554  999590  999642
 1062278       6  999643  999591  999555  999605
 1062279       6  999602  999559  999595  999640
 1062280       6  999641  999594  999558  999603
 1062281       6  999561  999610  999648  999597
 1062282       6  999596  999649  999611  999560
 1062283       6  999647  999600  999564  999609
 1062284       6  999608  999565  999601  999646
 1062285       6  999607  999638  996706  996705
 1062286       6  999639  999606  996720  996719
 1062287       6  999615  999562  999598  999653
 1062288       6  999563  999614  999652  999599
 1062289       6  999650  999603  999567  999612
 1062290       6  999613  999566  999602  999651
 1062291       6  999644  999617  999579  999606
 1062292       6  999616  999645  999607  999578
 1062293       6  999660  999605  999569  999622
 1062294       6  999623  999568  999604  999661
 1062295       6  999618  999575  999613  999656
 1062296       6  999657  999612  999574  999619
 1062297       6  999616  999583  999621  999654
 1062298       6  999655  999620  999582  999617
 1062299       6  999658  999619  999581  999620
 1062300       6  999621  999580  999618  999659
 1062301       6  999625  999570  999608  999663
 1062302       6  999662  999609  999571  999624
 1062303       6  999626  999573  999611  999664
 1062304       6  999665  999610  999572  999627
 1062305       6  999576  999629  999669  999614
 1062306       6  999628  999577  999615  999668
 1062307       6  999623  999672  999632  999585
 1062308       6  999673  999622  999584  999633
 1062309       6  999670  999627  999589  999630
 1062310       6  999631  999588  999626  999671
 1062311       6  999675  999624  999586  999635
 1062312       6  999625  999674  999634  999587
 1062313       6  999666  999639  996719  996718
 1062314       6  996707  996706  999638  999667
 1062315       6  999637  999592  997656  997655
 1062316       6  999593  999636  997682  997681
 1062317       6  999642  999590  999628  999680
 1062318       6  999681  999629  999591  999643
 1062319       6  999640  999595  999631  999678
 1062320       6  999679  999630  999594  999641
 1062321       6  999597  999648  999688  999633
 1062322       6  999649  999596  999632  999689
 1062323       6  999687  999636  999600  999647
 1062324       6  999646  999601  999637  999686
 1062325       6  999645  999676  999638  999607
 1062326       6  999606  999639  999677  999644
 1062327       6  999634  999693  999653  999598
 1062328       6  999692  999635  999599  999652
 1062329       6  999690  999641  999603  999650
 1062330       6  999651  999602  999640  999691
 1062331       6  999683  999655  999617  999644
 1062332       6  999645  999616  999654  999685
 1062333       6  999700  999643  999605  999660
 1062334       6  999661  999604  999642  999701
 1062335       6  999656  999613  999651  999696
 1062336       6  999697  999650  999612  999657
 1062337       6  999654  999621  999659  999694
 1062338       6  999695  999658  999620  999655
 1062339       6  999698  999657  999619  999658
 1062340       6  999659  999618  999656  999699
 1062341       6  999663  999608  999646  999703
 1062342       6  999702  999647  999609  999662
 1062343       6  999664  999611  999649  999704
 1062344       6  999610  999665  999705  999648
 1062345       6  996708  996707  999667  999682
 1062346       6  999684  999666  996718  996717
 1062347       6  999614  999669  999711  999652
 1062348       6  999668  999615  999653  999710
 1062349       6  999661  999714  999672  999623
 1062350       6  999715  999660  999622  999673
 1062351       6  999712  999665  999627  999670
 1062352       6  999671  999626  999664  999713
 1062353       6  999717  999662  999624  999675
 1062354       6  999674  999625  999663  999716
 1062355       6  999639  999666  999706  999677
 1062356       6  999667  999638  999676  999707
 1062357       6  999680  999628  999668  999724
 1062358       6  999725  999669  999629  999681
 1062359       6  999708  999684  996717  996716
 1062360       6  996709  996708  999682  999709
 1062361       6  999678  999631  999671  999722
 1062362       6  999723  999670  999630  999679
 1062363       6  999732  999673  999633  999688
 1062364       6  999672  999733  999689  999632
 1062365       6  997683  997682  999636  999687
 1062366       6  999686  999637  997655  997654
 1062367       6  999676  999645  999685  999718
 1062368       6  999644  999677  999719  999683
 1062369       6  999674  999737  999693  999634
 1062370       6  999635  999692  999736  999675
 1062371       6  999734  999679  999641  999690
 1062372       6  999691  999640  999678  999735
 1062373       6  999727  999695  999655  999683
 1062374       6  999694  999729  999685  999654
 1062375       6  999746  999681  999643  999700
 1062376       6  999701  999642  999680  999747
 1062377       6  999696  999651  999691  999742
 1062378       6  999743  999690  999650  999697
 1062379       6  999709  999720  996710  996709
 1062380       6  999721  999708  996716  996715
 1062381       6  999694  999659  999699  999738
 1062382       6  999739  999698  999658  999695
 1062383       6  999744  999697  999657  999698
 1062384       6  999699  999656  999696  999745
 1062385       6  999703  999646  999686  999749
 1062386       6  999748  999687  999647  999702
 1062387       6  999704  999649  999689  999750
 1062388       6  999648  999705  999751  999688
 1062389       6  999682  999667  999707  999726
 1062390       6  999728  999706  999666  999684
 1062391       6  999757  999692  999652  999711
 1062392       6  999710  999653  999693  999756
 1062393       6  999730  999721  996715  996714
 1062394       6  999720  999731  996711  996710
 1062395       6  999714  999661  999701  999760
 1062396       6  999761  999700  999660  999715
 1062397       6  999758  999705  999665  999712
 1062398       6  999713  999664  999704  999759
 1062399       6  999763  999702  999662  999717
 1062400       6  999703  999762  999716  999663
 1062401       6  999741  999730  996714  996713
 1062402       6  996712  996711  999731  999740
 1062403       6  999677  999706  999752  999719
 1062404       6  999707  999676  999718  999753
 1062405       6  999740  999741  996713  996712
 1062406       6  999724  999668  999710  999770
 1062407       6  999771  999711  999669  999725
 1062408       6  999754  999728  999684  999708
 1062409       6  999709  999682  999726  999755
 1062410       6  999722  999671  999713  999768
 1062411       6  999769  999712  999670  999723
 1062412       6  999673  999732  999778  999715
 1062413       6  999714  999779  999733  999672
 1062414       6  999729  999764  999718  999685
 1062415       6  999765  999727  999683  999719
 1062416       6  999737  999674  999716  999783
 1062417       6  999675  999736  999782  999717
 1062418       6  999780  999723  999679  999734
 1062419       6  999735  999678  999722  999781
 1062420       6  999773  999739  999695  999727
 1062421       6  999738  999775  999729  999694
 1062422       6  999792  999725  999681  999746
 1062423       6  999747  999680  999724  999793
 1062424       6  999742  999691  999735  999788
 1062425       6  999789  999734  999690  999743
 1062426       6  999755  999766  999720  999709
 1062427       6  999767  999754  999708  999721
 1062428       6  999738  999699  999745  999784
 1062429       6  999785  999744  999698  999739
 1062430       6  999790  999743  999697  999744
 1062431       6  999745  999696  999742  999791
 1062432       6  999749  999686  997654  997653
 1062433       6  997684  997683  999687  999748
 1062434       6  999750  999689  999733  999794
 1062435       6  999795  999732  999688  999751
 1062436       6  999726  999707  999753  999772
 1062437       6  999774  999752  999706  999728
 1062438       6  999692  999757  999801  999736
 1062439       6  999756  999693  999737  999800
 1062440       6  999721  999730  999776  999767
 1062441       6  999766  999777  999731  999720
 1062442       6  999747  999804  999760  999701
 1062443       6  999805  999746  999700  999761
 1062444       6  999802  999751  999705  999758
 1062445       6  999759  999704  999750  999803
 1062446       6  999807  999748  999702  999763
 1062447       6  999749  999806  999762  999703
 1062448       6  999730  999741  999787  999776
 1062449       6  999740  999731  999777  999786
 1062450       6  999796  999765  999719  999752
 1062451       6  999753  999718  999764  999797
 1062452       6  999786  999787  999741  999740
 1062453       6  999770  999710  999756  999814
 1062454       6  999815  999757  999711  999771
 1062455       6  999798  999774  999728  999754
 1062456       6  999755  999726  999772  999799
 1062457       6  999768  999713  999759  999812
 1062458       6  999813  999758  999712  999769
 1062459       6  999715  999778  999822  999761
 1062460       6  999779  999714  999760  999823
 1062461       6  999775  999808  999764  999729
 1062462       6  999727  999765  999809  999773
 1062463       6  999762  999827  999783  999716
 1062464       6  999826  999763  999717  999782
 1062465       6  999824  999769  999723  999780
 1062466       6  999781  999722  999768  999825
 1062467       6  999817  999785  999739  999773
 1062468       6  999775  999738  999784  999819
 1062469       6  999836  999771  999725  999792
 1062470       6  999793  999724  999770  999837
 1062471       6  999788  999735  999781  999832
 1062472       6  999833  999780  999734  999789
 1062473       6  999766  999755  999799  999810
 1062474       6  999811  999798  999754  999767
 1062475       6  999784  999745  999791  999828
 1062476       6  999829  999790  999744  999785
 1062477       6  999834  999789  999743  999790
 1062478       6  999791  999742  999788  999835
 1062479       6  999794  999733  999779  999838
 1062480       6  999732  999795  999839  999778
 1062481       6  999772  999753  999797  999816
 1062482       6  999818  999796  999752  999774
 1062483       6  999736  999801  999845  999782
 1062484       6  999800  999737  999783  999844
 1062485       6  999767  999776  999820  999811
 1062486       6  999777  999766  999810  999821
 1062487       6  999793  999848  999804  999747
 1062488       6  999849  999792  999746  999805
 1062489       6  999846  999795  999751  999802
 1062490       6  999803  999750  999794  999847
 1062491       6  997685  997684  999748  999807
 1062492       6  999806  999749  997653  997652
 1062493       6  999776  999787  999831  999820
 1062494       6  999786  999777  999821  999830
 1062495       6  999765  999796  999840  999809
 1062496       6  999797  999764  999808  999841
 1062497       6  999830  999831  999787  999786
 1062498       6  999814  999756  999800  999856
 1062499       6  999857  999801  999757  999815
 1062500       6  999842  999818  999774  999798
 1062501       6  999799  999772  999816  999843
 1062502       6  999812  999759  999803  999854
 1062503       6  999855  999802  999758  999813
 1062504       6  999864  999805  999761  999822
 1062505       6  999804  999865  999823  999760
 1062506       6  999808  999775  999819  999850
 1062507       6  999773  999809  999851  999817
 1062508       6  999806  999869  999827  999762
 1062509       6  999763  999826  999868  999807
 1062510       6  999866  999813  999769  999824
 1062511       6  999825  999768  999812  999867
 1062512       6  999859  999829  999785  999817
 1062513       6  999828  999861  999819  999784
 1062514       6  999878  999815  999771  999836
 1062515       6  999837  999770  999814  999879
 1062516       6  999832  999781  999825  999874
 1062517       6  999875  999824  999780  999833
 1062518       6  999843  999852  999810  999799
 1062519       6  999853  999842  999798  999811
 1062520       6  999828  999791  999835  999870
 1062521       6  999871  999834  999790  999829
 1062522       6  999876  999833  999789  999834
 1062523       6  999835  999788  999832  999877
 1062524       6  999838  999779  999823  999880
 1062525       6  999778  999839  999881  999822
 1062526       6  999816  999797  999841  999858
 1062527       6  999860  999840  999796  999818
 1062528       6  999887  999826  999782  999845
 1062529       6  999844  999783  999827  999886
 1062530       6  999862  999853  999811  999820
 1062531       6  999852  999863  999821  999810
 1062532       6  999848  999793  999837  999890
 1062533       6  999891  999836  999792  999849
 1062534       6  999888  999839  999795  999846
 1062535       6  999847  999794  999838  999889
 1062536       6  999873  999862  999820  999831
 1062537       6  999830  999821  999863  999872
 1062538       6  999809  999840  999882  999851
 1062539       6  999841  999808  999850  999883
 1062540       6  999872  999873  999831  999830
 1062541       6  999856  999800  999844  999898
 1062542       6  999899  999845  999801  999857
 1062543       6  999884  999860  999818  999842
 1062544       6  999843  999816  999858  999885
 1062545       6  999854  999803  999847  999896
 1062546       6  999897  999846  999802  999855
 1062547       6  999805  999864  999906  999849
 1062548       6  999848  999907  999865  999804
 1062549       6  999861  999892  999850  999819
 1062550       6  999893  999859  999817  999851
 1062551       6  999869  999806  997652  997651
 1062552       6  999807  999868  997686  997685
 1062553       6  999908  999855  999813  999866
 1062554       6  999867  999812  999854  999909
 1062555       6  999901  999871  999829  999859
 1062556       6  999870  999903  999861  999828
 1062557       6  999918  999857  999815  999878
 1062558       6  999879  999814  999856  999919
 1062559       6  999874  999825  999867  999914
 1062560       6  999915  999866  999824  999875
 1062561       6  999885  999894  999852  999843
 1062562       6  999895  999884  999842  999853
 1062563       6  999870  999835  999877  999910
 1062564       6  999911  999876  999834  999871
 1062565       6  999916  999875  999833  999876
 1062566       6  999877  999832  999874  999917
 1062567       6  999880  999823  999865  999920
 1062568       6  999921  999864  999822  999881
 1062569       6  999858  999841  999883  999900
 1062570       6  999902  999882  999840  999860
 1062571       6  999826  999887  999927  999868
 1062572       6  999886  999827  999869  999926
 1062573       6  999853  999862  999904  999895
 1062574       6  999894  999905  999863  999852
 1062575       6  999879  999930  999890  999837
 1062576       6  999931  999878  999836  999891
 1062577       6  999928  999881  999839  999888
 1062578       6  999889  999838  999880  999929
 1062579       6  999862  999873  999913  999904
 1062580       6  999872  999863  999905  999912
 1062581       6  999922  999893  999851  999882
 1062582       6  999883  999850  999892  999923
 1062583       6  999912  999913  999873  999872
 1062584       6  999898  999844  999886  999938
 1062585       6  999939  999887  999845  999899
 1062586       6  999924  999902  999860  999884
 1062587       6  999885  999858  999900  999925
 1062588       6  999896  999847  999889  999936
 1062589       6  999937  999888  999846  999897
 1062590       6  999849  999906  999946  999891
 1062591       6  999907  999848  999890  999947
 1062592       6  999903  999932  999892  999861
 1062593       6  999859  999893  999933  999901
 1062594       6  999948  999897  999855  999908
 1062595       6  999909  999854  999896  999949
 1062596       6  999941  999911  999871  999901
 1062597       6  999903  999870  999910  999943
 1062598       6  999958  999899  999857  999918
 1062599       6  999919  999856  999898  999959
 1062600       6  999914  999867  999909  999954
 1062601       6  999955  999908  999866  999915
 1062602       6  999894  999885  999925  999934
 1062603       6  999935  999924  999884  999895
 1062604       6  999910  999877  999917  999950
 1062605       6  999951  999916  999876  999911
 1062606       6  999956  999915  999875  999916
 1062607       6  999917  999874  999914  999957
 1062608       6  999920  999865  999907  999960
 1062609       6  999864  999921  999961  999906
 1062610       6  999900  999883  999923  999940
 1062611       6  999942  999922  999882  999902
 1062612       6  999868  999927  997687  997686
 1062613       6  999926  999869  997651  997650
 1062614       6  999895  999904  999944  999935
 1062615       6  999905  999894  999934  999945
 1062616       6  999919  999968  999930  999879
 1062617       6  999969  999918  999878  999931
 1062618       6  999966  999921  999881  999928
 1062619       6  999929  999880  999920  999967
 1062620       6  999904  999913  999953  999944
 1062621       6  999912  999905  999945  999952
 1062622       6  999893  999922  999962  999933
 1062623       6  999923  999892  999932  999963
 1062624       6  999952  999953  999913  999912
 1062625       6  999938  999886  999926  999976
 1062626       6  999977  999927  999887  999939
 1062627       6  999964  999942  999902  999924
 1062628       6  999925  999900  999940  999965
 1062629       6  999936  999889  999929  999974
 1062630       6  999975  999928  999888  999937
 1062631       6  999984  999931  999891  999946
 1062632       6  999930  999985  999947  999890
 1062633       6  999932  999903  999943  999970
 1062634       6  999901  999933  999971  999941
 1062635       6  999986  999937  999897  999948
 1062636       6  999949  999896  999936  999987
 1062637       6  999979  999951  999911  999941
 1062638       6  999950  999981  999943  999910
 1062639       6  999996  999939  999899  999958
 1062640       6  999959  999898  999938  999997
 1062641       6  999954  999909  999949  999992
 1062642       6  999993  999948  999908  999955
 1062643       6  999965  999972  999934  999925
 1062644       6  999973  999964  999924  999935
 1062645       6  999950  999917  999957  999988
 1062646       6  999989  999956  999916  999951
 1062647       6  999994  999955  999915  999956
 1062648       6  999957  999914  999954  999995
 1062649       6  999960  999907  999947  999998
 1062650       6  999906  999961  999999  999946
 1062651       6  999940  999923  999963  999978
 1062652       6  999980  999962  999922  999942
 1062653       6  999982  999973  999935  999944
 1062654       6  999972  999983  999945  999934
 1062655       6  999968  999919  999959 1000006
 1062656       6 1000007  999958  999918  999969
 1062657       6 1000004  999961  999921  999966
 1062658       6  999967  999920  999960 1000005
 1062659       6  999991  999982  999944  999953
 1062660       6  999952  999945  999983  999990
 1062661       6  999933  999962 1000000  999971
 1062662       6  999963  999932  999970 1000001
 1062663       6  999990  999991  999953  999952
 1062664       6  999976  999926  997650  997649
 1062665       6  997688  997687  999927  999977
 1062666       6 1000002  999980  999942  999964
 1062667       6  999965  999940  999978 1000003
 1062668       6  999974  999929  999967 1000012
 1062669       6 1000013  999966  999928  999975
 1062670       6  999931  999984 1000020  999969
 1062671       6  999968 1000021  999985  999930
 1062672       6  999981 1000008  999970  999943
 1062673       6 1000009  999979  999941  999971
 1062674       6 1000022  999975  999937  999986
 1062675       6  999987  999936  999974 1000023
 1062676       6 1000015  999989  999951  999979
 1062677       6  999988 1000017  999981  999950
 1062678       6 1000032  999977  999939  999996
 1062679       6  999997  999938  999976 1000033
 1062680       6  999992  999949  999987 1000028
 1062681       6 1000029  999986  999948  999993
 1062682       6 1000003 1000010  999972  999965
 1062683       6 1000011 1000002  999964  999973
 1062684       6  999988  999957  999995 1000024
 1062685       6 1000025  999994  999956  999989
 1062686       6 1000030  999993  999955  999994
 1062687       6  999995  999954  999992 1000031
 1062688       6  999998  999947  999985 1000034
 1062689       6 1000035  999984  999946  999999
 1062690       6  999978  999963 1000001 1000014
 1062691       6 1000016 1000000  999962  999980
 1062692       6  999973  999982 1000018 1000011
 1062693       6 1000010 1000019  999983  999972
 1062694       6  999997 1000042 1000006  999959
 1062695       6 1000043  999996  999958 1000007
 1062696       6 1000040  999999  999961 1000004
 1062697       6 1000005  999960  999998 1000041
 1062698       6  999982  999991 1000027 1000018
 1062699       6  999990  999983 1000019 1000026
 1062700       6 1000036 1000009  999971 1000000
 1062701       6 1000001  999970 1000008 1000037
 1062702       6 1000026 1000027  999991  999990
 1062703       6 1000038 1000016  999980 1000002
 1062704       6 1000003  999978 1000014 1000039
 1062705       6 1000012  999967 1000005 1000048
 1062706       6 1000049 1000004  999966 1000013
 1062707       6  999969 1000020 1000056 1000007
 1062708       6 1000021  999968 1000006 1000057
 1062709       6 1000017 1000044 1000008  999981
 1062710       6  999979 1000009 1000045 1000015
 1062711       6 1000058 1000013  999975 1000022
 1062712       6 1000023  999974 1000012 1000059
 1062713       6 1000051 1000025  999989 1000015
 1062714       6 1000017  999988 1000024 1000053
 1062715       6  997689  997688  999977 1000032
 1062716       6 1000033  999976  997649  997648
 1062717       6 1000028  999987 1000023 1000064
 1062718       6 1000065 1000022  999986 1000029
 1062719       6 1000010 1000003 1000039 1000046
 1062720       6 1000047 1000038 1000002 1000011
 1062721       6 1000024  999995 1000031 1000060
 1062722       6 1000061 1000030  999994 1000025
 1062723       6 1000066 1000029  999993 1000030
 1062724       6 1000031  999992 1000028 1000067
 1062725       6 1000034  999985 1000021 1000068
 1062726       6  999984 1000035 1000069 1000020
 1062727       6 1000014 1000001 1000037 1000050
 1062728       6 1000052 1000036 1000000 1000016
 1062729       6 1000011 1000018 1000054 1000047
 1062730       6 1000019 1000010 1000046 1000055
 1062731       6 1000033 1000076 1000042  999997
 1062732       6 1000077 1000032  999996 1000043
 1062733       6 1000074 1000035  999999 1000040
 1062734       6 1000041  999998 1000034 1000075
 1062735       6 1000018 1000027 1000063 1000054
 1062736       6 1000026 1000019 1000055 1000062
 1062737       6 1000009 1000036 1000070 1000045
 1062738       6 1000037 1000008 1000044 1000071
 1062739       6 1000062 1000063 1000027 1000026
 1062740       6 1000072 1000052 1000016 1000038
 1062741       6 1000039 1000014 1000050 1000073
 1062742       6 1000048 1000005 1000041 1000082
 1062743       6 1000083 1000040 1000004 1000049
 1062744       6 1000090 1000043 1000007 1000056
 1062745       6 1000042 1000091 1000057 1000006
 1062746       6 1000015 1000045 1000079 1000051
 1062747       6 1000044 1000017 1000053 1000078
 1062748       6 1000092 1000049 1000013 1000058
 1062749       6 1000059 1000012 1000048 1000093
 1062750       6 1000085 1000061 1000025 1000051
 1062751       6 1000060 1000087 1000053 1000024
 1062752       6 1000064 1000023 1000059 1000098
 1062753       6 1000099 1000058 1000022 1000065
 1062754       6 1000081 1000072 1000038 1000047
 1062755       6 1000073 1000080 1000046 1000039
 1062756       6 1000060 1000031 1000067 1000094
 1062757       6 1000095 1000066 1000030 1000061
 1062758       6 1000100 1000065 1000029 1000066
 1062759       6 1000067 1000028 1000064 1000101
 1062760       6 1000068 1000021 1000057 1000102
 1062761       6 1000020 1000069 1000103 1000056
 1062762       6 1000050 1000037 1000071 1000084
 1062763       6 1000086 1000070 1000036 1000052
 1062764       6 1000088 1000081 1000047 1000054
 1062765       6 1000080 1000089 1000055 1000046
 1062766       6 1000076 1000033  997648  997647
 1062767       6  997690  997689 1000032 1000077
 1062768       6 1000108 1000069 1000035 1000074
 1062769       6 1000075 1000034 1000068 1000109
 1062770       6 1000097 1000088 1000054 1000063
 1062771       6 1000062 1000055 1000089 1000096
 1062772       6 1000045 1000070 1000104 1000079
 1062773       6 1000071 1000044 1000078 1000105
 1062774       6 1000096 1000097 1000063 1000062
 1062775       6 1000106 1000086 1000052 1000072
 1062776       6 1000073 1000050 1000084 1000107
 1062777       6 1000082 1000041 1000075 1000114
 1062778       6 1000115 1000074 1000040 1000083
 1062779       6 1000043 1000090 1000121 1000077
 1062780       6 1000076 1000123 1000091 1000042
 1062781       6 1000111 1000085 1000051 1000079
 1062782       6 1000087 1000110 1000078 1000053
 1062783       6 1000124 1000083 1000049 1000092
 1062784       6 1000093 1000048 1000082 1000125
 1062785       6 1000117 1000095 1000061 1000085
 1062786       6 1000094 1000119 1000087 1000060
 1062787       6 1000098 1000059 1000093 1000130
 1062788       6 1000131 1000092 1000058 1000099
 1062789       6 1000113 1000106 1000072 1000081
 1062790       6 1000107 1000112 1000080 1000073
 1062791       6 1000094 1000067 1000101 1000126
 1062792       6 1000127 1000100 1000066 1000095
 1062793       6 1000132 1000099 1000065 1000100
 1062794       6 1000101 1000064 1000098 1000133
 1062795       6 1000102 1000057 1000091 1000134
 1062796       6 1000135 1000090 1000056 1000103
 1062797       6 1000118 1000104 1000070 1000086
 1062798       6 1000084 1000071 1000105 1000116
 1062799       6 1000081 1000088 1000120 1000113
 1062800       6 1000112 1000122 1000089 1000080
 1062801       6 1000140 1000103 1000069 1000108
 1062802       6 1000109 1000068 1000102 1000141
 1062803       6 1000088 1000097 1000129 1000120
 1062804       6 1000096 1000089 1000122 1000128
 1062805       6 1000136 1000111 1000079 1000104
 1062806       6 1000105 1000078 1000110 1000137
 1062807       6 1000128 1000129 1000097 1000096
 1062808       6 1000138 1000118 1000086 1000106
 1062809       6 1000107 1000084 1000116 1000139
 1062810       6 1000114 1000075 1000109 1000146
 1062811       6 1000147 1000108 1000074 1000115
 1062812       6 1000077 1000121  997691  997690
 1062813       6 1000123 1000076  997647  997646
 1062814       6 1000119 1000142 1000110 1000087
 1062815       6 1000085 1000111 1000143 1000117
 1062816       6 1000154 1000115 1000083 1000124
 1062817       6 1000125 1000082 1000114 1000155
 1062818       6 1000149 1000127 1000095 1000117
 1062819       6 1000119 1000094 1000126 1000151
 1062820       6 1000130 1000093 1000125 1000160
 1062821       6 1000161 1000124 1000092 1000131
 1062822       6 1000145 1000138 1000106 1000113
 1062823       6 1000112 1000107 1000139 1000144
 1062824       6 1000126 1000101 1000133 1000156
 1062825       6 1000157 1000132 1000100 1000127
 1062826       6 1000162 1000131 1000099 1000132
 1062827       6 1000133 1000098 1000130 1000163
 1062828       6 1000134 1000091 1000123 1000164
 1062829       6 1000090 1000135 1000165 1000121
 1062830       6 1000150 1000136 1000104 1000118
 1062831       6 1000116 1000105 1000137 1000148
 1062832       6 1000113 1000120 1000152 1000145
 1062833       6 1000122 1000112 1000144 1000153
 1062834       6 1000170 1000135 1000103 1000140
 1062835       6 1000141 1000102 1000134 1000171
 1062836       6 1000120 1000129 1000159 1000152
 1062837       6 1000128 1000122 1000153 1000158
 1062838       6 1000111 1000136 1000166 1000143
 1062839       6 1000137 1000110 1000142 1000167
 1062840       6 1000158 1000159 1000129 1000128
 1062841       6 1000168 1000150 1000118 1000138
 1062842       6 1000139 1000116 1000148 1000169
 1062843       6 1000146 1000109 1000141 1000176
 1062844       6 1000177 1000140 1000108 1000147
 1062845       6 1000142 1000119 1000151 1000172
 1062846       6 1000117 1000143 1000173 1000149
 1062847       6 1000184 1000147 1000115 1000154
 1062848       6 1000155 1000114 1000146 1000185
 1062849       6 1000179 1000157 1000127 1000149
 1062850       6 1000156 1000181 1000151 1000126
 1062851       6 1000160 1000125 1000155 1000190
 1062852       6 1000191 1000154 1000124 1000161
 1062853       6 1000175 1000168 1000138 1000145
 1062854       6 1000169 1000174 1000144 1000139
 1062855       6 1000156 1000133 1000163 1000186
 1062856       6 1000187 1000162 1000132 1000157
 1062857       6 1000192 1000161 1000131 1000162
 1062858       6 1000163 1000130 1000160 1000193
 1062859       6 1000164 1000123  997646  997645
 1062860       6 1000121 1000165  997692  997691
 1062861       6 1000180 1000166 1000136 1000150
 1062862       6 1000148 1000137 1000167 1000178
 1062863       6 1000182 1000175 1000145 1000152
 1062864       6 1000174 1000183 1000153 1000144
 1062865       6 1000198 1000165 1000135 1000170
 1062866       6 1000171 1000134 1000164 1000199
 1062867       6 1000189 1000182 1000152 1000159
 1062868       6 1000158 1000153 1000183 1000188
 1062869       6 1000143 1000166 1000194 1000173
 1062870       6 1000167 1000142 1000172 1000195
 1062871       6 1000188 1000189 1000159 1000158
 1062872       6 1000196 1000180 1000150 1000168
 1062873       6 1000169 1000148 1000178 1000197
 1062874       6 1000176 1000141 1000171 1000204
 1062875       6 1000205 1000170 1000140 1000177
 1062876       6 1000181 1000200 1000172 1000151
 1062877       6 1000201 1000179 1000149 1000173
 1062878       6 1000212 1000177 1000147 1000184
 1062879       6 1000185 1000146 1000176 1000213
 1062880       6 1000207 1000187 1000157 1000179
 1062881       6 1000186 1000209 1000181 1000156
 1062882       6 1000190 1000155 1000185 1000218
 1062883       6 1000219 1000184 1000154 1000191
 1062884       6 1000203 1000196 1000168 1000175
 1062885       6 1000197 1000202 1000174 1000169
 1062886       6 1000186 1000163 1000193 1000214
 1062887       6 1000215 1000192 1000162 1000187
 1062888       6 1000220 1000191 1000161 1000192
 1062889       6 1000193 1000160 1000190 1000221
 1062890       6 1000178 1000167 1000195 1000206
 1062891       6 1000208 1000194 1000166 1000180
 1062892       6 1000175 1000182 1000210 1000203
 1062893       6 1000202 1000211 1000183 1000174
 1062894       6  997693  997692 1000165 1000198
 1062895       6 1000199 1000164  997645  997644
 1062896       6 1000182 1000189 1000217 1000210
 1062897       6 1000188 1000183 1000211 1000216
 1062898       6 1000222 1000201 1000173 1000194
 1062899       6 1000195 1000172 1000200 1000223
 1062900       6 1000216 1000217 1000189 1000188
 1062901       6 1000224 1000208 1000180 1000196
 1062902       6 1000197 1000178 1000206 1000225
 1062903       6 1000204 1000171 1000199 1000230
 1062904       6 1000231 1000198 1000170 1000205
 1062905       6 1000209 1000226 1000200 1000181
 1062906       6 1000179 1000201 1000227 1000207
 1062907       6 1000238 1000205 1000177 1000212
 1062908       6 1000213 1000176 1000204 1000239
 1062909       6 1000233 1000215 1000187 1000207
 1062910       6 1000209 1000186 1000214 1000235
 1062911       6 1000218 1000185 1000213 1000244
 1062912       6 1000245 1000212 1000184 1000219
 1062913       6 1000229 1000224 1000196 1000203
 1062914       6 1000202 1000197 1000225 1000228
 1062915       6 1000214 1000193 1000221 1000240
 1062916       6 1000241 1000220 1000192 1000215
 1062917       6 1000246 1000219 1000191 1000220
 1062918       6 1000221 1000190 1000218 1000247
 1062919       6 1000206 1000195 1000223 1000232
 1062920       6 1000234 1000222 1000194 1000208
 1062921       6 1000203 1000210 1000236 1000229
 1062922       6 1000211 1000202 1000228 1000237
 1062923       6 1000210 1000217 1000243 1000236
 1062924       6 1000216 1000211 1000237 1000242
 1062925       6 1000201 1000222 1000248 1000227
 1062926       6 1000223 1000200 1000226 1000249
 1062927       6 1000242 1000243 1000217 1000216
 1062928       6 1000250 1000234 1000208 1000224
 1062929       6 1000225 1000206 1000232 1000251
 1062930       6 1000230 1000199  997644  997643
 1062931       6  997694  997693 1000198 1000231
 1062932       6 1000226 1000209 1000235 1000252
 1062933       6 1000207 1000227 1000253 1000233
 1062934       6 1000262 1000231 1000205 1000238
 1062935       6 1000239 1000204 1000230 1000263
 1062936       6 1000257 1000241 1000215 1000233
 1062937       6 1000240 1000259 1000235 1000214
 1062938       6 1000244 1000213 1000239 1000268
 1062939       6 1000269 1000238 1000212 1000245
 1062940       6 1000251 1000254 1000228 1000225
 1062941       6 1000255 1000250 1000224 1000229
 1062942       6 1000240 1000221 1000247 1000264
 1062943       6 1000265 1000246 1000220 1000241
 1062944       6 1000270 1000245 1000219 1000246
 1062945       6 1000247 1000218 1000244 1000271
 1062946       6 1000232 1000223 1000249 1000256
 1062947       6 1000258 1000248 1000222 1000234
 1062948       6 1000260 1000255 1000229 1000236
 1062949       6 1000254 1000261 1000237 1000228
 1062950       6 1000267 1000260 1000236 1000243
 1062951       6 1000242 1000237 1000261 1000266
 1062952       6 1000227 1000248 1000272 1000253
 1062953       6 1000249 1000226 1000252 1000273
 1062954       6 1000266 1000267 1000243 1000242
 1062955       6 1000274 1000258 1000234 1000250
 1062956       6 1000251 1000232 1000256 1000275
 1062957       6 1000259 1000276 1000252 1000235
 1062958       6 1000277 1000257 1000233 1000253
 1062959       6  997695  997694 1000231 1000262
 1062960       6 1000263 1000230  997643  997642
 1062961       6 1000281 1000265 1000241 1000257
 1062962       6 1000264 1000283 1000259 1000240
 1062963       6 1000268 1000239 1000263 1000290
 1062964       6 1000291 1000262 1000238 1000269
 1062965       6 1000275 1000278 1000254 1000251
 1062966       6 1000279 1000274 1000250 1000255
 1062967       6 1000264 1000247 1000271 1000286
 1062968       6 1000287 1000270 1000246 1000265
 1062969       6 1000292 1000269 1000245 1000270
 1062970       6 1000271 1000244 1000268 1000293
 1062971       6 1000256 1000249 1000273 1000280
 1062972       6 1000282 1000272 1000248 1000258
 1062973       6 1000255 1000260 1000284 1000279
 1062974       6 1000278 1000285 1000261 1000254
 1062975       6 1000260 1000267 1000289 1000284
 1062976       6 1000266 1000261 1000285 1000288
 1062977       6 1000294 1000277 1000253 1000272
 1062978       6 1000273 1000252 1000276 1000295
 1062979       6 1000288 1000289 1000267 1000266
 1062980       6 1000296 1000282 1000258 1000274
 1062981       6 1000275 1000256 1000280 1000297
 1062982       6 1000283 1000298 1000276 1000259
 1062983       6 1000257 1000277 1000299 1000281
 1062984       6 1000303 1000287 1000265 1000281
 1062985       6 1000283 1000264 1000286 1000305
 1062986       6 1000290 1000263  997642  997641
 1062987       6  997696  997695 1000262 1000291
 1062988       6 1000278 1000275 1000297 1000300
 1062989       6 1000301 1000296 1000274 1000279
 1062990       6 1000286 1000271 1000293 1000308
 1062991       6 1000309 1000292 1000270 1000287
 1062992       6 1000312 1000291 1000269 1000292
 1062993       6 1000293 1000268 1000290 1000313
 1062994       6 1000280 1000273 1000295 1000302
 1062995       6 1000304 1000294 1000272 1000282
 1062996       6 1000279 1000284 1000306 1000301
 1062997       6 1000285 1000278 1000300 1000307
 1062998       6 1000284 1000289 1000311 1000306
 1062999       6 1000288 1000285 1000307 1000310
 1063000       6 1000277 1000294 1000314 1000299
 1063001       6 1000295 1000276 1000298 1000315
 1063002       6 1000310 1000311 1000289 1000288
 1063003       6 1000316 1000304 1000282 1000296
 1063004       6 1000297 1000280 1000302 1000317
 1063005       6 1000298 1000283 1000305 1000318
 1063006       6 1000281 1000299 1000319 1000303
 1063007       6 1000323 1000309 1000287 1000303
 1063008       6 1000308 1000325 1000305 1000286
 1063009       6 1000317 1000320 1000300 1000297
 1063010       6 1000321 1000316 1000296 1000301
 1063011       6 1000308 1000293 1000313 1000328
 1063012       6 1000329 1000312 1000292 1000309
 1063013       6  997697  997696 1000291 1000312
 1063014       6 1000313 1000290  997641  997640
 1063015       6 1000302 1000295 1000315 1000322
 1063016       6 1000324 1000314 1000294 1000304
 1063017       6 1000326 1000321 1000301 1000306
 1063018       6 1000320 1000327 1000307 1000300
 1063019       6 1000331 1000326 1000306 1000311
 1063020       6 1000310 1000307 1000327 1000330
 1063021       6 1000299 1000314 1000332 1000319
 1063022       6 1000315 1000298 1000318 1000333
 1063023       6 1000330 1000331 1000311 1000310
 1063024       6 1000334 1000324 1000304 1000316
 1063025       6 1000317 1000302 1000322 1000335
 1063026       6 1000325 1000336 1000318 1000305
 1063027       6 1000337 1000323 1000303 1000319
 1063028       6 1000341 1000329 1000309 1000323
 1063029       6 1000328 1000343 1000325 1000308
 1063030       6 1000335 1000338 1000320 1000317
 1063031       6 1000339 1000334 1000316 1000321
 1063032       6 1000328 1000313  997640  997715
 1063033       6  997698  997697 1000312 1000329
 1063034       6 1000322 1000315 1000333 1000340
 1063035       6 1000342 1000332 1000314 1000324
 1063036       6 1000321 1000326 1000344 1000339
 1063037       6 1000338 1000345 1000327 1000320
 1063038       6 1000326 1000331 1000347 1000344
 1063039       6 1000330 1000327 1000345 1000346
 1063040       6 1000348 1000337 1000319 1000332
 1063041       6 1000333 1000318 1000336 1000349
 1063042       6 1000346 1000347 1000331 1000330
 1063043       6 1000350 1000342 1000324 1000334
 1063044       6 1000335 1000322 1000340 1000351
 1063045       6 1000343 1000352 1000336 1000325
 1063046       6 1000323 1000337 1000353 1000341
 1063047       6  997699  997698 1000329 1000341
 1063048       6 1000343 1000328  997715  997714
 1063049       6 1000338 1000335 1000351 1000354
 1063050       6 1000355 1000350 1000334 1000339
 1063051       6 1000340 1000333 1000349 1000356
 1063052       6 1000357 1000348 1000332 1000342
 1063053       6 1000339 1000344 1000358 1000355
 1063054       6 1000345 1000338 1000354 1000359
 1063055       6 1000344 1000347 1000361 1000358
 1063056       6 1000346 1000345 1000359 1000360
 1063057       6 1000337 1000348 1000362 1000353
 1063058       6 1000349 1000336 1000352 1000363
 1063059       6 1000360 1000361 1000347 1000346
 1063060       6 1000364 1000357 1000342 1000350
 1063061       6 1000351 1000340 1000356 1000365
 1063062       6 1000352 1000343  997714  997713
 1063063       6 1000341 1000353  997700  997699
 1063064       6 1000365 1000366 1000354 1000351
 1063065       6 1000367 1000364 1000350 1000355
 1063066       6 1000356 1000349 1000363 1000368
 1063067       6 1000369 1000362 1000348 1000357
 1063068       6 1000370 1000367 1000355 1000358
 1063069       6 1000366 1000371 1000359 1000354
 1063070       6 1000373 1000370 1000358 1000361
 1063071       6 1000360 1000359 1000371 1000372
 1063072       6 1000353 1000362  997701  997700
 1063073       6 1000363 1000352  997713  997712
 1063074       6 1000372 1000373 1000361 1000360
 1063075       6 1000374 1000369 1000357 1000364
 1063076       6 1000365 1000356 1000368 1000375
 1063077       6 1000375 1000376 1000366 1000365
 1063078       6 1000377 1000374 1000364 1000367
 1063079       6 1000368 1000363  997712  997711
 1063080       6  997702  997701 1000362 1000369
 1063081       6 1000367 1000370 1000378 1000377
 1063082       6 1000376 1000379 1000371 1000366
 1063083       6 1000370 1000373 1000381 1000378
 1063084       6 1000372 1000371 1000379 1000380
 1063085       6 1000380 1000381 1000373 1000372
 1063086       6  997703  997702 1000369 1000374
 1063087       6 1000375 1000368  997711  997710
 1063088       6 1000376 1000375  997710  997709
 1063089       6  997704  997703 1000374 1000377
 1063090       6 1000377 1000378  997705  997704
 1063091       6 1000379 1000376  997709  997708
 1063092       6 1000380 1000379  997708  997707
 1063093       6 1000378 1000381  997706  997705
 1063094       6  997707  997706 1000381 1000380
 1063095       6  997383  997414  997434  997421
 1063096       6  997421  997434  997453  997440
 1063097       6  997353  997383  997421  997389
 1063098       6  997328  997353  997389  997358
 1063099       6  997583  997598  997613  997603
 1063100       6  997440  997453  997470  997459
 1063101       6  997872  997868  997841  997851
 1063102       6  997296  997328  997358  997326
 1063103       6  997579  997573  997598  997583
 1063105       6  997459  997470  997488  997484
 1063106       6  997515  997527  997547  997530
 1063107       6  997428  997459  997484  997460
 1063109       6  997505  997514  997527  997515
 1063110       6  997546  997554  997579  997561
 1063111       6  997400  997428  997460  997436
 1063112       6  997530  997547  997554  997546
 1063114       6  998575  998574  998598  998614
 1063115       6  997756  997662  997663  997743
 1063116       6  997362  997400  997436  997409
 1063117       6  998571  998575  998614  998616
 1063118       6  997561  997579  997583  997589
 1063119       6  997743  997663  997664  997732
 1063120       6  997727  997665  997666  997720
 1063121       6  997720  997666  997667  997723
 1063123       6  998560  998571  998616  998607
 1063124       6  997732  997664  997665  997727
 1063125       6  997336  997362  997409  997393
 1063126       6  997723  997667  997668  997719
 1063127       6  998548  998560  998607  998592
 1063128       6  997615  997593  997602  997617
 1063129       6  997719  997668  997669  997718
 1063130       6  998527  998548  998592  998580
 1063131       6  998045  998020  997963  997980
 1063132       6  998020  997994  997946  997963
 1063133       6  997598  997573  997593  997615
 1063134       6  998003  997973  997935  997967
 1063135       6  997718  997669  997670  997716
 1063136       6  998508  998527  998580  998551
 1063137       6  997728  997718  997716  997722
 1063138       6  998476  998508  998551  998517
 1063139       6  997739  997728  997722  997735
 1063140       6  997309  997311  997376  997351
 1063141       6  997541  997562  997565 1000382
 1063142       6  998449  998465  998403  998388
 1063143       6  998445  998476  998517  998480
 1063144       6  998465  998471  998443  998403
 1063145       6  998416  998445  998480  998441
 1063146       6  998406  998434  998368  998339
 1063147       6  998379  998416  998441  998404
 1063148       6  998434  998449  998388  998368
 1063149       6  998346  998379  998404  998367
 1063150       6  997321  997275  997320  997350
 1063151       6  998540  998511  998546  998563
 1063152       6  998356  998412  998386  998323
 1063153       6  998323  998386  998312  998277
 1063154       6  998305  998346  998367  998324
 1063155       6  998386  998406  998339  998312
 1063156       6  998269  998305  998324  998281
 1063157       6  997285  997237  997275  997321
 1063158       6  997150  997180  997134  997091
 1063159       6 1000383  996774  996797  996787
 1063160       6  996876  996840  996873  996908
 1063161       6  997204  997197  997237  997285
 1063162       6  998298 1000389  998259  998234
 1063163       6  998086  998135  998104  998069
 1063164       6  997228  997216  997290  997294
 1063165       6  998407  998440  998412  998356
 1063166       6  998468  998435  998469  998513
 1063167       6 1000389  998323  998277  998259
 1063168       6  998135  998167  998138  998104
 1063169       6  997216  997204  997285  997290
 1063170       6  996828  996776  996802  996846
 1063171       6  998343  998376 1000388  998327
 1063172       6  998240  998266  998205  998177
 1063173       6  998397  998363  998393  998431
 1063174       6  998266  998298  998234  998205
 1063175       6  996943  996898  996946  996991
 1063176       6  996846  996802  996840  996876
 1063177       6  998167  998204  998170  998138
 1063178       6  997784  997797  997758  997750
 1063179       6  996777  996750  996765  996806
 1063180       6  998331  998308  998319  998359
 1063181       6  998435  998397  998431  998469
 1063182       6  998170  998202  998146  998108
 1063183       6  996897  996858  996898  996943
 1063184       6  998202  998240  998177  998146
 1063185       6  998204  998237  998202  998170
 1063186       6  996806  996765  996776  996828
 1063188       6  998287  998274  998293  998310
 1063189       6  996832  996803  996837  996870
 1063190       6  998363  998331  998359  998393
 1063192       6  998104  998138  998083  998059
 1063193       6  998138  998170  998108  998083
 1063194       6  996803  996777  996806  996837
 1063195       6  997325  997291  997270  997284
 1063196       6  998310  998293  998308  998331
 1063198       6  996931  996881  996900  996929
 1063199       6  997260  997250  997226  997246
 1063200       6  998037  998069  998030  998007
 1063201       6  996696  996697  997426  997402
 1063203       6  996881  996832  996870  996900
 1063204       6  998266  998240  998274  998287
 1063205       6  998069  998104  998059  998030
 1063206       6  997971  998000  998039  998009
 1063207       6  997003  996970  996955  996995
 1063208       6  997356  997325  997284  997317
 1063209       6  997284  997270  997250  997260
 1063210       6  998000  998031  998072  998039
 1063211       6  996970  996931  996929  996955
 1063212       6  996763  996755  996774 1000383
 1063213       6  998031  998065  998087  998072
 1063214       6  997384  997356  997317  997347
 1063215       6  998072  998087  998106  998096
 1063216       6  998096  998106  998130  998111
 1063217       6  997402  997384  997347  997377
 1063218       6  997790  997804  997814  997793
 1063219       6  997785  997791  997804  997790
 1063220       6  997771  997782  997791  997785
 1063222       6  997794  997792  997772  997766
 1063223       6  997809  997801  997792  997794
 1063224       6  997757 1000384  997776  997762
 1063225       6  997825  997808  997801  997809
 1063226       6  997729  997742 1000384  997757
 1063227       6  997839  997828  997808  997825
 1063228       6 1000384  997772  997792  997776
 1063229       6  997851  997841  997828  997839
 1063230       6  997742  997752  997772 1000384
 1063231       6  997897  997886  997868  997872
 1063232       6  997238  997271  997267  997227
 1063233       6  997928  997897  997872  997896
 1063234       6  997228  997294  997308  997272
 1063235       6  997162  997201  997188  997148
 1063236       6  997956  997928  997896  997920
 1063237       6  997916  997903  997886  997897
 1063238       6  997086  997128  997110  997065
 1063239       6  997994  997956  997920  997946
 1063240       6  997159  997198  997233  997199
 1063241       6  997201  997238  997227  997188
 1063242       6  997935  997922  997903  997916
 1063243       6  997007  997048  997023  996986
 1063244       6  997083  997124  997163  997132
 1063245       6  997198  997228  997272  997233
 1063246       6  997128  997162  997148  997110
 1063247       6  997973  997942  997922  997935
 1063248       6  996940  996973  996951  996914
 1063249       6  998541  998575  998571  998544
 1063250       6  998578  998605  998590  998561
 1063251       6  997048  997086  997065  997023
 1063252       6  996866  996903  996871  996835
 1063253       6  997011  997045  997092  997060
 1063254       6  997124  997159  997199  997163
 1063255       6  998047  998045  997980  998005
 1063256       6  998532  998574  998575  998541
 1063257       6  996973  997007  996986  996951
 1063258       6  996792  996831  996799  996772
 1063259       6  998522  998566  998574  998532
 1063260       6  998586  998612  998605  998578
 1063261       6  996957  996984  997035  997001
 1063262       6  998544  998571  998560  998535
 1063263       6  997045  997083  997132  997092
 1063264       6  996903  996940  996914  996871
 1063265       6  998028  998003  997967  997998
 1063266       6  996919  996935  996974  996948
 1063267       6  998514  998550  998566  998522
 1063268       6  996831  996866  996835  996799
 1063269       6  998059  998028  997998  998030
 1063270       6  998535  998560  998548  998525
 1063271       6  997738  997726  997729  997757
 1063272       6  996984  997011  997060  997035
 1063273       6  998525  998548  998527  998516
 1063274       6  997753  997738  997757  997762
 1063275       6  996935  996957  997001  996974
 1063276       6  998516  998527  998508  998472
 1063277       6  998470  998516  998472  998437
 1063278       6  998436  998470  998437  998408
 1063279       6  997701  998436  998408  997700
 1063280       6  997627  997611  997606  997625
 1063281       6  997625  997606  997597  997619
 1063282       6  997619  997597  997590  997614
 1063283       6  997614  997590  997577  997605
 1063284       6  997605  997577  997560  997596
 1063285       6  997630  997616  997611  997627
 1063286       6  997596  997560  997545  997568
 1063287       6  997633  997620  997616  997630
 1063288       6  997610  997596  997568  997588
 1063289       6  997623  997610  997588  997599
 1063292       6  996707  997623  997599  996706
 1063293       6  998376  998407  998356 1000388
 1063294       6  998310  998343  998327  998287
 1063295       6  996861  996675  996676  996875
 1063296       6  998594  998617  998612  998586
 1063297       6  998589  998608  998617  998594
 1063298       6  998447  998479  998482  998457
 1063299       6  998565  998589  998594  998569
 1063300       6  998537  998565  998569  998538
 1063302       6  998506  998537  998538  998503
 1063303       6  997030  997075  997087  997051
 1063304       6  996705  996706  997599  997582
 1063305       6  996952  996989  997010  996977
 1063306       6  996703  996704  997572  997557
 1063307       6  996874  996915  996941  996911
 1063308       6  996989  997030  997051  997010
 1063309       6  998593  998600  998581 1000387
 1063310       6  996701  996702  997537  997522
 1063311       6  996704  996705  997582  997572
 1063312       6  996804  996838  996878  996847
 1063313       6 1000387  998581  998558  998568
 1063314       6  996915  996952  996977  996941
 1063315       6  996699  996700  997500  997472
 1063316       6  996762  996775  996827  996807
 1063317       6  996702  996703  997557  997537
 1063318       6  998579  998593 1000387  998553
 1063319       6  996838  996874  996911  996878
 1063320       6  998553 1000387  998568  998515
 1063321       6  996738  996748  996795  996784
 1063322       6  996700  996701  997522  997500
 1063323       6  996697  996698  997451  997426
 1063324       6  996775  996804  996847  996827
 1063325       6  998515  998568  998536  998482
 1063326       6  996757  996742  996780  996781
 1063327       6  996698  996699  997472  997451
 1063328       6  996695  996696  997402  997377
 1063329       6  996748  996762  996807  996795
 1063330       6  998482  998536  998497  998457
 1063331       6  996742  996738  996784  996780
 1063333       6  998415  998448  998411  998365
 1063334       6  996932  996669  996670  996920
 1063335       6  996948  996668  996669  996932
 1063336       6  997180  997214  997169  997134
 1063337       6  998035  998081  998036  998006
 1063338       6  998071  998119  998081  998035
 1063339       6  997244  997276  997239  997203
 1063340       6  998152  998159  998119  998071
 1063341       6  997056  997070  997103  997093
 1063342       6  998140  998152  998071  998066
 1063343       6  997185  997158  997224  997252
 1063344       6  998356  998323 1000389 1000388
 1063345       6  997214  997244  997203  997169
 1063346       6  998128  998140  998066  998062
 1063347       6  998095  998128  998062  998048
 1063348       6  997133  997138  997172  997200
 1063349       6 1000388 1000389  998298  998327
 1063350       6  997276  997304  997286  997239
 1063351       6  997606  997611  997595  997571
 1063352       6  997590  997597  997558  997544
 1063353       6  997560  997577  997533  997519
 1063354       6  997597  997606  997571  997558
 1063355       6  997529  997545  997504  997481
 1063356       6  997577  997590  997544  997533
 1063357       6  997495  997511  997462  997439
 1063358       6  997971  998009  997979  997936
 1063359       6  997545  997560  997519  997504
 1063360       6  997450  997475  997419  997397
 1063361       6  997957  997971  997936  997908
 1063362       6  996769  996743  996750  996777
 1063363       6  997760  997784  997750  997744
 1063364       6  997484  997488  997514  997505
 1063365       6  997511  997529  997481  997462
 1063366       6  997385  997425  997375  997354
 1063367       6  997934  997957  997908  997880
 1063368       6  997913  997934  997880  997859
 1063369       6  996761  996739  996743  996769
 1063370       6  997475  997495  997439  997419
 1063371       6  997797  997811  997765  997758
 1063372       6  996849  996818  996816  996852
 1063373       6  997089  997150  997091  997055
 1063374       6  997425  997450  997397  997375
 1063375       6  997822  997836  997795  997778
 1063376       6  997029  997015  997070  997056
 1063377       6  997312  997282  997322  997340
 1063378       6  997883  997913  997859  997834
 1063379       6  996818  996789  996786  996816
 1063380       6  997858  997883  997834  997817
 1063381       6  996766  996747  996739  996761
 1063382       6  997811  997822  997778  997765
 1063383       6  997058 1000386  997028  997005
 1063384       6  997093  997103  997138  997133
 1063385       6  997835  997858  997817  997796
 1063386       6  997282  997249  997299  997322
 1063387       6  997819  997835  997796  997780
 1063388       6  996789  996766  996761  996786
 1063389       6  997852  997875  997826  997810
 1063390       6  997015  997029  996971  996945
 1063391       6  997836  997852  997810  997795
 1063392       6  997803  997819  997780  997761
 1063393       6 1000386  997089  997055  997028
 1063394       6  997781  997803  997761  997746
 1063395       6  997158  997133  997200  997224
 1063396       6  997249  997215  997277  997299
 1063397       6  997895  997918  997862  997845
 1063398       6  996959  996980  996917  996888
 1063399       6  997767  997781  997746  997756
 1063400       6  996790  996822  996841  996805
 1063401       6  997029  997058  997005  996971
 1063402       6  997875  997895  997845  997826
 1063403       6  996923  996938  996869  996849
 1063404       6  997215  997185  997252  997277
 1063405       6  996980  997015  996945  996917
 1063406       6  997937  997959  997906  997882
 1063407       6  996899  996912  996852  996863
 1063408       6  996908  996873  996897  996947
 1063409       6  996822  996861  996875  996841
 1063410       6 1000385 1000386  997058  997090
 1063411       6  998237  998274  998240  998202
 1063412       6  996938  996959  996888  996869
 1063413       6  997918  997937  997882  997862
 1063414       6  996912  996923  996849  996852
 1063415       6  997981  998002  997972  997930
 1063416       6  997182  997212  997179  997120
 1063417       6  997120  997089 1000386 1000385
 1063418       6  996947  996897  996943  996979
 1063419       6  997959  997981  997930  997906
 1063420       6  997120  997179  997150  997089
 1063421       6  997127  997154 1000385  997090
 1063422       6  996860  996674  996675  996861
 1063423       6  997698  997699  998389  998369
 1063424       6  997154  997182  997120 1000385
 1063425       6  998321  998338  998304  998257
 1063426       6  997699  997700  998408  998389
 1063427       6  996956  996982  996923  996912
 1063428       6  998307  998321  998257  998235
 1063429       6  997093  997127  997090  997056
 1063430       6  996854  996673  996674  996860
 1063431       6  996982  996998  996938  996923
 1063432       6  998511  998468  998513  998546
 1063433       6  998268  998289  998216  998196
 1063434       6  997697  997698  998369  998350
 1063435       6  996998  997021  996959  996938
 1063436       6  998289  998307  998235  998216
 1063437       6  997696  997697  998350  998317
 1063438       6  997043  997070  997015  996980
 1063439       6  997021  997043  996980  996959
 1063440       6  998218  998241  998174  998150
 1063441       6  996892  996672  996673  996854
 1063442       6  998241  998268  998196  998174
 1063443       6  996905  996671  996672  996892
 1063444       6  997689  997690  998095  998048
 1063445       6  998163  998191  998121  998099
 1063446       6  997695  997696  998317  998284
 1063447       6  997694  997695  998284  998247
 1063448       6  998110  998139  998070  998049
 1063449       6  998060  998082  998027  998004
 1063450       6  996920  996670  996671  996905
 1063451       6  997690  997691  998144  998095
 1063452       6  998191  998218  998150  998121
 1063453       6  997691  997692  998182  998144
 1063454       6  998139  998163  998099  998070
 1063455       6  997693  997694  998247  998214
 1063456       6  998016  998060  998004  997984
 1063457       6  997692  997693  998214  998182
 1063458       6  998082  998110  998049  998027
 1063459       6  996850  996877  996907  996872
 1063460       6  996877  996904  996927  996907
 1063461       6  996907  996927  996946  996898
 1063462       6 1000382  997565  997570  997551
 1063463       6  997311  997336  997393  997376
 1063464       6 1000417  998457  998497 1000416
 1063465       6  997584  997602  997593  997564
 1063466       6  997514  997488  997510 1000413
 1063467       6  997438  997461  997467  997452
 1063468       6 1000394  998362  998366  998402
 1063469       6  998221  998262  998231  998171
 1063470       6  998147  998098  998122 1000393
 1063471       6 1000408 1000383  996787 1000407
 1063472       6 1000395  998354  998362 1000394
 1063473       6 1000419  998245  998297 1000418
 1063474       6  998171 1000393  998122  998151
 1063475       6 1000412 1000382  997551 1000411
 1063476       6 1000402  997801  997808 1000403
 1063477       6  996858  996897  996873 1000406
 1063478       6 1000411  997551  997564 1000410
 1063479       6 1000409  996763 1000383 1000408
 1063480       6  998519  998558  998547  998505
 1063481       6 1000421  998210  998227 1000420
 1063482       6  997771  997753  997762  997782
 1063483       6  998415  998377  998409 1000417
 1063484       6  998309  998272  998262 1000418
 1063485       6 1000410  997564  997593  997573
 1063486       6 1000406  996873  996840 1000407
 1063487       6 1000418  998262  998221 1000419
 1063488       6 1000415  998484  998505 1000414
 1063489       6 1000413  997541 1000382 1000412
 1063490       6  996836  996850  996872  996819
 1063491       6 1000402  997782  997762  997776
 1063492       6  997517 1000401  997513  997548
 1063493       6 1000406  996819  996872  996858
 1063494       6 1000400  997492  997457 1000399
 1063495       6 1000404  997804  997791 1000403
 1063496       6 1000398  997430  997391  997412
 1063497       6  997814 1000405  997846  997824
 1063498       6 1000399  997457  997430 1000398
 1063499       6 1000407  996787  996819 1000406
 1063500       6 1000416  998497  998484 1000415
 1063501       6 1000403  997791  997782 1000402
 1063502       6  998316  998354  998348  998297
 1063503       6  997491 1000401  997517  997487
 1063504       6  997573  997579  997554 1000410
 1063505       6  998169  998130  998161 1000421
 1063506       6 1000420  998227  998245 1000419
 1063507       6 1000414  998478  998438 1000415
 1063508       6 1000414  998505  998547  998533
 1063509       6 1000410  997554  997547 1000411
 1063510       6  996751 1000409  996776  996765
 1063511       6 1000418  998297  998348  998309
 1063512       6  997431  997446  997463  997418
 1063513       6  998278 1000397  998344  998318
 1063514       6 1000393  998171  998231  998192
 1063515       6  998192  998164  998147 1000393
 1063516       6 1000398  997452  997469 1000399
 1063517       6  997456  997464  997437 1000390
 1063518       6  997776  997792  997801 1000402
 1063519       6  997452 1000398  997412  997438
 1063520       6  998444  998473  998433  998398
 1063521       6 1000394  998398  998390 1000395
 1063522       6  998279  998316  998297  998245
 1063523       6 1000390  997418  997463  997456
 1063524       6  998398 1000394  998402  998444
 1063525       6  997313 1000392  997359  997320
 1063526       6 1000391  997381  997418 1000390
 1063527       6 1000392  997342  997381 1000391
 1063528       6 1000390  997437  997392 1000391
 1063529       6  997342 1000392  997313  997302
 1063530       6 1000391  997392  997359 1000392
 1063531       6 1000396  998348  998354 1000395
 1063532       6 1000397  998309  998348 1000396
 1063533       6 1000395  998390  998382 1000396
 1063534       6  998309 1000397  998278  998272
 1063535       6 1000396  998382  998344 1000397
 1063536       6 1000399  997469  997494 1000400
 1063537       6 1000401  997491  997492 1000400
 1063538       6 1000400  997494  997513 1000401
 1063539       6  998533  998504  998478 1000414
 1063540       6  997846 1000405  997841  997868
 1063541       6 1000403  997808  997828 1000404
 1063542       6 1000405  997814  997804 1000404
 1063543       6 1000404  997828  997841 1000405
 1063544       6 1000407  996840  996802 1000408
 1063545       6  996763 1000409  996751  996744
 1063546       6 1000408  996802  996776 1000409
 1063547       6 1000411  997547  997527 1000412
 1063548       6  997541 1000413  997510  997531
 1063549       6 1000412  997527  997514 1000413
 1063550       6 1000415  998438  998448 1000416
 1063551       6  998457 1000417  998409  998447
 1063552       6 1000416  998448  998415 1000417
 1063553       6 1000419  998221  998189 1000420
 1063554       6  998210 1000421  998161  998195
 1063555       6 1000420  998189  998169 1000421
*PART
$HWCOLOR COMPS       6      55
$NAME                                                                           
bay_ext                                                                         
$      PID     SECID       MID     EOSID      HGID      GRAV    ADPOPT      TMID
         6         2         2                                                  
*MAT_PIECEWISE_LINEAR_PLASTICITY
$HMNAME MATERIAL         2ABS_inject-mould                                      
$HWCOLOR MATERIAL         2      24                                             
$      MID       RHO         E        PR      SIGY      ETAN      FAIL      TDEL
         21.0500E-06      2.10      0.38     0.040     0.150     0.025          
$        C         P      LCSS      LCSR        VP       LCF
                                                            
$     EPS1      EPS2      EPS3      EPS4      EPS5      EPS6      EPS7      EPS8
                                                                                
$      ES1       ES2       ES3       ES4       ES5       ES6       ES7       ES8
                                                                                
*SECTION_SHELL
$HMNAME PROPERTIES         2section_shell_BAY                                                               
$    SECID    ELFORM      SHRF       NIP     PROPT        QR     ICOMP     SETYP
         2                                                                      
$       T1        T2        T3        T4      NLOC     MAREA      IDOF    EDGSET
       5.0       5.0       5.0       5.0                                        
$$
$$ Sets Defined In HyperMesh
$$
*SET_NODE_LIST
$HMSET
$HMNAME SETS      17corone_SX-DX_NODES                                                      
$      SID       DA1       DA2       DA3       DA4SOLVER    
        17                                        MECH      
    998634    998635    998636    998637    998638    998639    998640    998641
    998642    998643    998644    998645    998646    998647    998648    998649
    998650    998651    998652    998653    998658    998659    998662    998663
    998666    998667    998672    998674    998678    998679    998686    998687
    998690    998692    998702    998703    998706    998707    998722    998723
    998724    998725    998746    998747    998752    998753    998776    998777
    998784    998785    998810    998811    998816    998817    998844    998845
    998850    998851    998880    998881    998892    998893    998924    998925
    998938    998939    998972    998973    998982    998983    999018    999019
    999038    999039    999076    999077    999088    999089    999128    999129
    999146    999147    999188    999189    999208    999209    999228    999229
    999238    999239    999248    999249    999252    999253    999260    999261
    999266    999267    999274    999275    999284    999285    999287    999289
    999294    999295    999306    999307    999308    999309    999312    999313
    999328    999329    999331    999333    999338    999339    999348    999349
    999368    999369    999370    999371    999376    999377    999378    999379
    999398    999399    999408    999409    999414    999415    999422    999423
    999432    999433    999436    999437    999458    999459    999466    999467
    999470    999471    999472    999473    999502    999503    999506    999507
    999508    999509    999512    999513    999542    999543    999544    999545
    999548    999549    999556    999557    999578    999579    999582    999583
    999592    999593    999600    999601    999606    999607    999616    999617
    999636    999637    999638    999639    999644    999645    999646    999647
    999666    999667    999676    999677    999682    999684    999686    999687
    999702    999703    999706    999707    999708    999709    999720    999721
    999726    999728    999730    999731    999740    999741    999748    999749
    999754    999755    999762    999763    999766    999767    999776    999777
    999786    999787    999806    999807    999826    999827    999868    999869
    999886    999887    999926    999927    999938    999939    999976    999977
    999996    999997   1000032   1000033   1000042   1000043   1000076   1000077
   1000090   1000091   1000121   1000123   1000134   1000135   1000164   1000165
   1000170   1000171   1000198   1000199   1000204   1000205   1000230   1000231
   1000238   1000239   1000262   1000263   1000268   1000269   1000290   1000291
   1000292   1000293   1000308   1000309   1000312   1000313   1000323   1000325
   1000328   1000329   1000336   1000337   1000341   1000343   1000348   1000349
   1000352   1000353   1000356   1000357   1000362   1000363   1000364   1000365
   1000366   1000367   1000368   1000369   1000370   1000371   1000372   1000373
   1000374   1000375   1000376   1000377   1000378   1000379   1000380   1000381
*SET_NODE_LIST
$HMSET
$HMNAME SETS      24kin_coupling_SET                                                        
$      SID       DA1       DA2       DA3       DA4SOLVER    
        24                                        MECH      
   1000422    998634    998635    998636    998637    998638    998639    998640
    998641    998642    998643    998644    998645    998646    998647    998648
    998649    998650    998651    998652    998653    998658    998659    998662
    998663    998666    998667    998672    998674    998678    998679    998686
    998687    998690    998692    998702    998703    998706    998707    998722
    998723    998724    998725    998746    998747    998752    998753    998776
    998777    998784    998785    998810    998811    998816    998817    998844
    998845    998850    998851    998880    998881    998892    998893    998924
    998925    998938    998939    998972    998973    998982    998983    999018
    999019    999038    999039    999076    999077    999088    999089    999128
    999129    999146    999147    999188    999189    999208    999209    999228
    999229    999238    999239    999248    999249    999252    999253    999260
    999261    999266    999267    999274    999275    999284    999285    999287
    999289    999294    999295    999306    999307    999308    999309    999312
    999313    999328    999329    999331    999333    999338    999339    999348
    999349    999368    999369    999370    999371    999376    999377    999378
    999379    999398    999399    999408    999409    999414    999415    999422
    999423    999432    999433    999436    999437    999458    999459    999466
    999467    999470    999471    999472    999473    999502    999503    999506
    999507    999508    999509    999512    999513    999542    999543    999544
    999545    999548    999549    999556    999557    999578    999579    999582
    999583    999592    999593    999600    999601    999606    999607    999616
    999617    999636    999637    999638    999639    999644    999645    999646
    999647    999666    999667    999676    999677    999682    999684    999686
    999687    999702    999703    999706    999707    999708    999709    999720
    999721    999726    999728    999730    999731    999740    999741    999748
    999749    999754    999755    999762    999763    999766    999767    999776
    999777    999786    999787    999806    999807    999826    999827    999868
    999869    999886    999887    999926    999927    999938    999939    999976
    999977    999996    999997   1000032   1000033   1000042   1000043   1000076
   1000077   1000090   1000091   1000121   1000123   1000134   1000135   1000164
   1000165   1000170   1000171   1000198   1000199   1000204   1000205   1000230
   1000231   1000238   1000239   1000262   1000263   1000268   1000269   1000290
   1000291   1000292   1000293   1000308   1000309   1000312   1000313   1000323
   1000325   1000328   1000329   1000336   1000337   1000341   1000343   1000348
   1000349   1000352   1000353   1000356   1000357   1000362   1000363   1000364
   1000365   1000366   1000367   1000368   1000369   1000370   1000371   1000372
   1000373   1000374   1000375   1000376   1000377   1000378   1000379   1000380
   1000381
*END
$$<?xml version="1.0" encoding="utf-8"?>
$$<Altair_XML_Export>
$$<UDM xmlns:SOAP-ENV="http://schemas.xmlsoap.org/soap/envelope/" xmlns:SOAP-ENC="http://schemas.xmlsoap.org/soap/encoding/" xmlns:xsi="http://www.w3.org/2001/XMLSchema-instance" xmlns:xsd="http://www.w3.org/2001/XMLSchema" xmlns:udmcfg="http://schemas.altair.com/AltairUDMRuntimeConfig" xmlns:udmxml="http://schemas.altair.com/AltairUDM" xmlns:importrules="http://schemas.altair.com/hsm/importrules" xmlns:folderstructure="http://schemas.altair.com/hsm/folderstructure" xmlns:externalds="http://schemas.altair.com/hsm/externalds" xsi:type="udmxml:UDMCType" schemaVersion="12"><udmxml:EntityCollection xsi:type="udmxml:EntityCollectionCType"><udmxml:Entity xsi:type="udmxml:AssemblyDMCType" displayName="HW_Assembly" contentDefinitionType="UDMAssemblyDM" id="66102508d618994cbf31772772e0acb0:0"><udmxml:Children><udmxml:Child xsi:type="udmxml:ChildCType" refId="ae14a87ba32de0468bfd889ec70c77cd:0" timestamp="1789634236248515" childFlags="0" groupName="boas" contentDefinitionType="UDMBOA"/></udmxml:Children></udmxml:Entity><udmxml:Entity xsi:type="udmxml:BOACType" displayName="HW_BOA" contentDefinitionType="UDMBOA" id="ae14a87ba32de0468bfd889ec70c77cd:0"><udmxml:Children><udmxml:Child xsi:type="udmxml:ChildCType" refId="f3f4ce0d41056644a9a7a0ab4b09de3c:0" timestamp="1789634236248515" childFlags="0" groupName="parts" contentDefinitionType="UDMPartProtoOcc"><AdditionalIdList xsi:type="udmxml:AdditionalIdCType" xmlns="http://schemas.altair.com/AltairUDM" keyValue="Model" keyName="displayname" contentDefinitionType="UDMPartProtoOcc"/></udmxml:Child></udmxml:Children></udmxml:Entity><udmxml:Entity xsi:type="udmxml:PartCType" displayName="bay.p" contentDefinitionType="UDMPartProto" id="ceded8f18675f44792b9c589e3fcece7:0"><udmxml:Attributes><udmxml:Attribute xsi:type="udmxml:AttributeCType" valueutf8="-" type="string" name="studyrevision" displayName="STUDY_REVISION">-</udmxml:Attribute><udmxml:Attribute xsi:type="udmxml:AttributeCType" valueutf8="bay" type="string" name="HW_Displayname">bay</udmxml:Attribute><udmxml:Attribute xsi:type="udmxml:AttributeCType" valueutf8="bay" type="string" name="HW_UID">bay</udmxml:Attribute><udmxml:Attribute xsi:type="udmxml:AttributeCType" valueutf8="-" type="string" name="PLMXML_PRODUCTREVISION_REVISION">-</udmxml:Attribute></udmxml:Attributes><udmxml:Children><udmxml:Child xsi:type="udmxml:ChildCType" refId="82509e2c559de6429981003c45754617:0" timestamp="1789634238081221" childFlags="0" groupName="representations" contentDefinitionType="UDMRepPartCad"/><udmxml:Child xsi:type="udmxml:ChildCType" refId="3d52b27e1ca82744ae6f8676587c0633:0" timestamp="1789634238081221" childFlags="0" groupName="representations" contentDefinitionType="UDMRepPartCad"/></udmxml:Children></udmxml:Entity><udmxml:Entity xsi:type="udmxml:PartCType" displayName="assembly.p" contentDefinitionType="UDMPartProto" id="58660ea10af3904f81764d281f936f67:0"><udmxml:Attributes><udmxml:Attribute xsi:type="udmxml:AttributeCType" valueutf8="-" type="string" name="studyrevision" displayName="STUDY_REVISION">-</udmxml:Attribute><udmxml:Attribute xsi:type="udmxml:AttributeCType" valueutf8="assembly" type="string" name="HW_Displayname">assembly</udmxml:Attribute><udmxml:Attribute xsi:type="udmxml:AttributeCType" valueutf8="assembly" type="string" name="HW_UID">assembly</udmxml:Attribute><udmxml:Attribute xsi:type="udmxml:AttributeCType" valueutf8="-" type="string" name="PLMXML_PRODUCTREVISION_REVISION">-</udmxml:Attribute></udmxml:Attributes><udmxml:Children><udmxml:Child xsi:type="udmxml:ChildCType" refId="53d1e39a9639e141a93550bc13660591:0" timestamp="1789634238081221" childFlags="0" groupName="partprotoinst" contentDefinitionType="UDMPartProtoInst"/><udmxml:Child xsi:type="udmxml:ChildCType" refId="7d31e0603d7f2245aebcf83aee6260bb:0" timestamp="1789634238081221" childFlags="0" groupName="partprotoinst" contentDefinitionType="UDMPartProtoInst"/><udmxml:Child xsi:type="udmxml:ChildCType" refId="bc9fc0679b7dfc4a89317d2f6e7d4446:0" timestamp="1789634238081221" childFlags="0" groupName="partprotoinst" contentDefinitionType="UDMPartProtoInst"/><udmxml:Child xsi:type="udmxml:ChildCType" refId="030f098eca37d94bb526d92b0d72ccd2:0" timestamp="1789634238081221" childFlags="0" groupName="partprotoinst" contentDefinitionType="UDMPartProtoInst"/></udmxml:Children></udmxml:Entity><udmxml:Entity xsi:type="udmxml:PartCType" displayName="Module Model.p" contentDefinitionType="UDMPartProto" id="9d14bb3d8352984983087f70fe1ef976:0"><udmxml:Children><udmxml:Child xsi:type="udmxml:ChildCType" refId="1dc456ac1d67794e835d30dec28d405e:0" timestamp="1789634238081221" childFlags="0" groupName="partprotoinst" contentDefinitionType="UDMPartProtoInst"/></udmxml:Children></udmxml:Entity><udmxml:Entity xsi:type="udmxml:PartCType" displayName="bay" contentDefinitionType="UDMPartProtoInst" id="030f098eca37d94bb526d92b0d72ccd2:0"><udmxml:Attributes><udmxml:Attribute xsi:type="udmxml:AttributeCType" valueutf8="1.22465e-16 0 1 0 0 1 0 0 -1 0 1.22465e-16 0 70.5139 -8.02158 238.011 1" type="string" name="trfmtx" displayName="Transformation matrix">1.22465e-16 0 1 0 0 1 0 0 -1 0 1.22465e-16 0 70.5139 -8.02158 238.011 1</udmxml:Attribute><udmxml:Attribute xsi:type="udmxml:AttributeCType" valueutf8="true" type="boolean" name="trfmtxisrel" displayName="Is matrix relative?">true</udmxml:Attribute></udmxml:Attributes><udmxml:Children><udmxml:Child xsi:type="udmxml:ChildCType" refId="ceded8f18675f44792b9c589e3fcece7:0" timestamp="1789634238081221" childFlags="0" groupName="partprotos" contentDefinitionType="UDMPartProto"/></udmxml:Children><TransformationMatrix xsi:type="udmxml:TransformationMatrixCType" xmlns="http://schemas.altair.com/AltairUDM" transformationMatrixIsRelative="true" transformationMatrix="1.22465e-16 0 1 0 0 1 0 0 -1 0 1.22465e-16 0 70.5139 -8.02158 238.011 1"/></udmxml:Entity><udmxml:Entity xsi:type="udmxml:PartCType" displayName="assembly" contentDefinitionType="UDMPartProtoInst" id="1dc456ac1d67794e835d30dec28d405e:0"><udmxml:Attributes><udmxml:Attribute xsi:type="udmxml:AttributeCType" valueutf8="1 0 0 0 0 1 0 0 0 0 1 0 0 0 0 1" type="string" name="trfmtx" displayName="Transformation matrix">1 0 0 0 0 1 0 0 0 0 1 0 0 0 0 1</udmxml:Attribute><udmxml:Attribute xsi:type="udmxml:AttributeCType" valueutf8="true" type="boolean" name="trfmtxisrel" displayName="Is matrix relative?">true</udmxml:Attribute></udmxml:Attributes><udmxml:Children><udmxml:Child xsi:type="udmxml:ChildCType" refId="58660ea10af3904f81764d281f936f67:0" timestamp="1789634238081221" childFlags="0" groupName="partprotos" contentDefinitionType="UDMPartProto"/></udmxml:Children><TransformationMatrix xsi:type="udmxml:TransformationMatrixCType" xmlns="http://schemas.altair.com/AltairUDM" transformationMatrixIsRelative="true" transformationMatrix="1 0 0 0 0 1 0 0 0 0 1 0 0 0 0 1"/></udmxml:Entity><udmxml:Entity xsi:type="udmxml:PartCType" protoInstanceRefId="030f098eca37d94bb526d92b0d72ccd2:0" prototypeRefId="ceded8f18675f44792b9c589e3fcece7:0" displayName="bay" contentDefinitionType="UDMPartProtoOcc" id="0e57e493b9562140a32dab8dc9d71449:0"><udmxml:Attributes><udmxml:Attribute xsi:type="udmxml:AttributeCType" valueutf8="ceded8f18675f44792b9c589e3fcece7" type="string" name="protoref" displayName="Prototype reference">ceded8f18675f44792b9c589e3fcece7</udmxml:Attribute><udmxml:Attribute xsi:type="udmxml:AttributeCType" valueutf8="030f098eca37d94bb526d92b0d72ccd2" type="string" name="protoinstanceref" displayName="Prototype Instance reference">030f098eca37d94bb526d92b0d72ccd2</udmxml:Attribute><udmxml:Attribute xsi:type="udmxml:AttributeCType" valueutf8="Components(6)" type="string" name="EntitySelectionExp">Components(6)</udmxml:Attribute><udmxml:Attribute xsi:type="udmxml:AttributeCType" valueutf8="bay" type="string" name="HW_Displayname">bay</udmxml:Attribute><udmxml:Attribute xsi:type="udmxml:AttributeCType" valueutf8="2" type="int" name="MODELUNIT">2</udmxml:Attribute><udmxml:Attribute xsi:type="udmxml:AttributeCType" valueutf8="6" type="string" name="SelectionExp">6</udmxml:Attribute><udmxml:Attribute xsi:type="udmxml:AttributeCType" valueutf8="10" type="string" name="UdmxmlString_HmOccurrenceColor">10</udmxml:Attribute><udmxml:Attribute xsi:type="udmxml:AttributeCType" valueutf8="18" type="string" name="UdmxmlString_HmOccurrenceId">18</udmxml:Attribute><udmxml:Attribute xsi:type="udmxml:AttributeCType" valueutf8="13154725" type="string" name="UdmxmlString_HmOccurrenceTrueColor">13154725</udmxml:Attribute></udmxml:Attributes><udmxml:Children><udmxml:Child xsi:type="udmxml:ChildCType" refId="82509e2c559de6429981003c45754617:0" timestamp="default" childFlags="2" groupName="currentrep" contentDefinitionType="UDMRepPartCad"/></udmxml:Children></udmxml:Entity><udmxml:Entity xsi:type="udmxml:PartCType" protoInstanceRefId="1dc456ac1d67794e835d30dec28d405e:0" prototypeRefId="58660ea10af3904f81764d281f936f67:0" displayName="assembly" contentDefinitionType="UDMPartProtoOcc" id="8475f1e085483549808a7042a1782927:0"><udmxml:Attributes><udmxml:Attribute xsi:type="udmxml:AttributeCType" valueutf8="58660ea10af3904f81764d281f936f67" type="string" name="protoref" displayName="Prototype reference">58660ea10af3904f81764d281f936f67</udmxml:Attribute><udmxml:Attribute xsi:type="udmxml:AttributeCType" valueutf8="1dc456ac1d67794e835d30dec28d405e" type="string" name="protoinstanceref" displayName="Prototype Instance reference">1dc456ac1d67794e835d30dec28d405e</udmxml:Attribute><udmxml:Attribute xsi:type="udmxml:AttributeCType" valueutf8="assembly" type="string" name="HW_Displayname">assembly</udmxml:Attribute><udmxml:Attribute xsi:type="udmxml:AttributeCType" valueutf8="2" type="int" name="MODELUNIT">2</udmxml:Attribute><udmxml:Attribute xsi:type="udmxml:AttributeCType" valueutf8="13" type="string" name="UdmxmlString_HmOccurrenceColor">13</udmxml:Attribute><udmxml:Attribute xsi:type="udmxml:AttributeCType" valueutf8="10" type="string" name="UdmxmlString_HmOccurrenceId">10</udmxml:Attribute><udmxml:Attribute xsi:type="udmxml:AttributeCType" valueutf8="6914178" type="string" name="UdmxmlString_HmOccurrenceTrueColor">6914178</udmxml:Attribute></udmxml:Attributes><udmxml:Children><udmxml:Child xsi:type="udmxml:ChildCType" refId="1ead702230ab6a4292655e787d70ef24:0" timestamp="1789634238081221" childFlags="0" groupName="partprotooccs" contentDefinitionType="UDMPartProtoOcc"><AdditionalIdList xsi:type="udmxml:AdditionalIdCType" xmlns="http://schemas.altair.com/AltairUDM" keyValue="phial_mask" keyName="displayname" contentDefinitionType="UDMPartProtoOcc"/></udmxml:Child><udmxml:Child xsi:type="udmxml:ChildCType" refId="274623e52ec25948a363dc9a30e2ccb7:0" timestamp="1789634238081221" childFlags="0" groupName="partprotooccs" contentDefinitionType="UDMPartProtoOcc"><AdditionalIdList xsi:type="udmxml:AdditionalIdCType" xmlns="http://schemas.altair.com/AltairUDM" keyValue="phial_simple" keyName="displayname" contentDefinitionType="UDMPartProtoOcc"/></udmxml:Child><udmxml:Child xsi:type="udmxml:ChildCType" refId="13c111b45ea766438f9792b502e7588e:0" timestamp="1789634238081221" childFlags="0" groupName="partprotooccs" contentDefinitionType="UDMPartProtoOcc"><AdditionalIdList xsi:type="udmxml:AdditionalIdCType" xmlns="http://schemas.altair.com/AltairUDM" keyValue="schiuma" keyName="displayname" contentDefinitionType="UDMPartProtoOcc"/></udmxml:Child><udmxml:Child xsi:type="udmxml:ChildCType" refId="0e57e493b9562140a32dab8dc9d71449:0" timestamp="1789634238081221" childFlags="0" groupName="partprotooccs" contentDefinitionType="UDMPartProtoOcc"><AdditionalIdList xsi:type="udmxml:AdditionalIdCType" xmlns="http://schemas.altair.com/AltairUDM" keyValue="bay" keyName="displayname" contentDefinitionType="UDMPartProtoOcc"/></udmxml:Child></udmxml:Children></udmxml:Entity><udmxml:Entity xsi:type="udmxml:PartCType" prototypeRefId="9d14bb3d8352984983087f70fe1ef976:0" displayName="Model" contentDefinitionType="UDMPartProtoOcc" id="f3f4ce0d41056644a9a7a0ab4b09de3c:0"><udmxml:Attributes><udmxml:Attribute xsi:type="udmxml:AttributeCType" valueutf8="9d14bb3d8352984983087f70fe1ef976" type="string" name="protoref" displayName="Prototype reference">9d14bb3d8352984983087f70fe1ef976</udmxml:Attribute><udmxml:Attribute xsi:type="udmxml:AttributeCType" valueutf8="43" type="string" name="UdmxmlString_HmOccurrenceColor">43</udmxml:Attribute><udmxml:Attribute xsi:type="udmxml:AttributeCType" valueutf8="2" type="string" name="UdmxmlString_HmOccurrenceId">2</udmxml:Attribute><udmxml:Attribute xsi:type="udmxml:AttributeCType" valueutf8="9869273" type="string" name="UdmxmlString_HmOccurrenceTrueColor">9869273</udmxml:Attribute><udmxml:Attribute xsi:type="udmxml:AttributeCType" valueutf8="true" type="boolean" name="pseudo root">true</udmxml:Attribute></udmxml:Attributes><udmxml:Children><udmxml:Child xsi:type="udmxml:ChildCType" refId="8475f1e085483549808a7042a1782927:0" timestamp="1789634238081221" childFlags="0" groupName="partprotooccs" contentDefinitionType="UDMPartProtoOcc"><AdditionalIdList xsi:type="udmxml:AdditionalIdCType" xmlns="http://schemas.altair.com/AltairUDM" keyValue="assembly" keyName="displayname" contentDefinitionType="UDMPartProtoOcc"/></udmxml:Child></udmxml:Children></udmxml:Entity><udmxml:Entity xsi:type="udmxml:RepresentationPartCType" displayName="CAD" contentDefinitionType="UDMRepPartCad" id="82509e2c559de6429981003c45754617:0"><udmxml:Attributes><udmxml:Attribute xsi:type="udmxml:AttributeCType" valueutf8="CAD" type="string" name="Definition">CAD</udmxml:Attribute><udmxml:Attribute xsi:type="udmxml:AttributeCType" valueutf8="CAD" type="string" name="HW_REPALIAS">CAD</udmxml:Attribute><udmxml:Attribute xsi:type="udmxml:AttributeCType" valueutf8="82509e2c559de6429981003c45754617:0" type="string" name="persist_rep_uid">82509e2c559de6429981003c45754617:0</udmxml:Attribute><udmxml:Attribute xsi:type="udmxml:AttributeCType" valueutf8="0" type="string" name="repversion">0</udmxml:Attribute></udmxml:Attributes></udmxml:Entity></udmxml:EntityCollection><udmxml:RelationCollection xsi:type="udmxml:RelationCollectionCType"/><udmxml:RootEntities xsi:type="udmxml:RootEntityCollectionCType"><udmxml:ItemId>66102508d618994cbf31772772e0acb0:0</udmxml:ItemId></udmxml:RootEntities></UDM>
$$</Altair_XML_Export>
